Date,Open,High,Low,Close,Volume
2020-01-02,19.701488069885393,20.5074576947661,19.66566636261055,19.7104434967041,608713
2020-01-03,19.638799859526134,19.692530707083066,18.967158286809497,19.441783905029297,419620
2020-01-06,19.15521532028957,19.15521532028957,18.54626007787809,18.98506736755371,456671
2020-01-07,19.26268200702078,20.328353863451454,19.119398597021878,20.023876190185547,828508
2020-01-08,19.629841928465133,19.952230388809834,19.46864769829278,19.68357276916504,401434
2020-01-09,20.16716045936421,20.847757539890896,20.00596618922986,20.158205032348633,1071810
2020-01-10,20.462686157767607,20.659700461003595,20.113431277752586,20.167163848876953,545900
2020-01-13,20.399992879224698,20.677604235992366,20.25670948811411,20.570140838623047,483489
2020-01-14,20.68655915475084,20.829842542351855,20.238798141479492,20.238798141479492,330198
2020-01-15,20.37312690257814,20.408948604919143,19.88059045189877,19.916410446166992,256320
2020-01-16,20.014917106561438,20.149245065382786,19.62984237202027,19.79103660583496,296242
2020-01-17,19.99700778116982,20.050738627180355,19.62984386863105,19.952232360839844,273812
2020-01-20,20.005962993946728,20.08656011614121,19.78208247853378,19.916410446166992,160152
2020-01-21,19.808948530308523,20.023873617695198,19.531335464537072,19.844768524169922,218434
2020-01-22,20.086558344595915,20.086558344595915,19.629841928465133,19.68357276916504,167712
2020-01-23,19.531334075481134,19.620886615874852,19.110439356125088,19.298498153686523,324858
2020-01-24,19.52237955856121,19.791037192236818,19.52237955856121,19.549245834350586,233128
2020-01-27,19.119397445790177,19.2268591427823,18.573128410516127,18.788053512573242,393630
2020-01-28,18.859696713823695,19.119398967018036,18.510443608701795,19.10148811340332,284347
2020-01-29,19.101487513228044,19.638801148275856,19.038801235619175,19.53133773803711,288474
2020-01-30,19.244770031982647,19.352233437254313,19.029844929512194,19.092531204223633,238265
2020-01-31,19.432828467335366,19.432828467335366,18.44775390625,18.44775390625,320882
2020-02-03,18.456710579564536,18.537307703253948,18.035814109614765,18.26865005493164,347747
2020-02-04,18.474620108640252,19.441783905029297,18.402978409206725,19.441783905029297,457725
2020-02-05,19.298496410730433,21.671630830505936,19.298496410730433,20.982078552246094,1379998
2020-02-06,21.492530012432994,21.922380202744176,20.292530283426327,20.364171981811523,902374
2020-02-07,20.328349253233633,20.382080092779486,19.59401980843487,19.692527770996094,475176
2020-02-10,19.782082689054892,19.952232360839844,19.450738771165543,19.952232360839844,298807
2020-02-11,20.194021187539715,21.04476780324022,20.18506747030191,21.035812377929688,763159
2020-02-12,21.134321027289122,21.394021537347445,20.78506626124823,21.2507381439209,438779
2020-02-13,21.17909831160126,21.17909831160126,20.310442448976037,20.910442352294922,690451
2020-02-14,20.910441503910512,21.23282830038356,20.75820267766082,20.92835235595703,291681
2020-02-17,21.044772045027077,21.286563452928753,20.829846918472164,21.0268611907959,243098
2020-02-18,20.66864788757616,20.66864788757616,20.050737223459212,20.283573150634766,431323
2020-02-19,20.5880523257346,20.597007751464844,19.997007892120997,20.597007751464844,328483
2020-02-20,20.597013735952636,20.695521739534126,20.211938858032227,20.211938858032227,325924
2020-02-21,20.229845015624775,20.391039272015874,19.67462054450798,19.92536735534668,510263
2020-02-24,19.101488960607742,19.101488960607742,17.910444471571182,18.13432502746582,1045057
2020-02-25,18.429845800456704,18.599995487418205,17.955218445489546,18.394025802612305,660083
2020-02-26,17.928350808268505,18.644767723374347,17.60148548399692,18.492528915405273,490030
2020-02-27,17.776112844010196,18.859693693047056,17.6417848795613,18.62685775756836,913331
2020-02-28,17.686560925983247,18.850738936616317,17.552232956767554,18.80596351623535,984127
2020-03-02,19.620885642697818,19.94327408889599,18.35819983918504,18.976110458374023,744545
2020-03-03,19.397007321683034,19.620887832513237,18.832829185942927,18.93133544921875,878553
2020-03-04,19.02984263909377,19.09252890626033,18.27760401694966,18.37611198425293,529852
2020-03-05,18.761189747900367,18.761189747900367,17.80297961148672,18.394025802612305,554461
2020-03-06,17.86566904515589,18.465669003327978,17.677608489990234,17.677608489990234,749013
2020-03-09,16.016413358387695,16.016413358387695,14.041787147521973,14.041787147521973,1383265
2020-03-10,14.346265085876775,15.577608027787917,14.270145669851718,14.722384452819824,1137488
2020-03-11,14.955219831938663,15.577607421422641,14.350741386413574,14.350741386413574,931820
2020-03-12,13.307458360302007,13.307458360302007,11.283579023560378,11.6417875289917,1019931
2020-03-13,11.937311488288424,12.716415740961716,11.3731323700002,12.044774055480957,1129950
2020-03-16,11.158206742713048,12.098505231656723,10.558206795198348,12.017908096313477,1506465
2020-03-17,12.555219438221739,13.343278083594852,11.534324002933833,13.07462215423584,588741
2020-03-18,12.591042518615723,13.840295544592216,12.049251143050302,12.591042518615723,633254
2020-03-19,12.53730904863366,12.89551753698006,11.297010769925093,12.129846572875977,486687
2020-03-20,12.716413980596835,12.797011108343117,12.013429250422087,12.326862335205078,1015572
2020-03-23,11.807459252460246,12.394025988243067,11.39104133973113,12.219399452209473,624248
2020-03-24,12.823875767284003,13.629846142591184,12.385070158015164,13.580592155456543,786802
2020-03-25,14.09999606469619,14.435817722968462,12.810444552206755,13.195518493652344,723537
2020-03-26,12.841786988872533,12.89551783635367,12.376115089175086,12.599995613098145,435629
2020-03-27,12.402982344522933,12.402982344522933,11.507460178247962,11.55223560333252,532410
2020-03-30,11.610444364806034,11.6865637787896,11.02835447727394,11.413429260253906,304811
2020-03-31,11.507460178247962,11.865668703143355,11.346265915026791,11.55223560333252,359677
2020-04-01,11.238801277932419,11.713427699103148,11.05074162365174,11.480591773986816,290010
2020-04-02,11.641788296841229,12.376116208427225,11.417907752671205,12.120892524719238,499632
2020-04-03,12.22835339391188,12.22835339391188,11.677607536315918,11.677607536315918,188901
2020-04-06,12.089548701733614,12.82387657180651,12.089548701733614,12.649250030517578,323253
2020-04-07,13.092534065246582,13.311936895121578,12.823877242570658,13.092534065246582,348670
2020-04-08,12.985068064939778,13.182083129882812,12.801486136482497,13.182083129882812,165841
2020-04-09,13.432831270941373,13.58059238076027,12.837309118757762,12.98507022857666,260109
2020-04-14,13.065666875650154,13.141786284233499,12.577607288975129,12.707457542419434,275492
2020-04-15,12.608950875925325,12.608950875925325,11.350742586883023,11.574623107910156,509126
2020-04-16,11.888055865593731,11.89253357870229,11.32835453757074,11.525369644165039,231398
2020-04-17,11.910443110687503,12.62238318932656,11.820890566517471,12.447755813598633,516726
2020-04-20,12.488055071534406,13.504472832356681,12.179100570344167,13.464174270629883,490178
2020-04-21,13.0029807463388,13.02984616906068,12.29551749769272,12.304472923278809,322279
2020-04-22,12.667162265054642,12.667162265054642,12.116415448373083,12.33581829071045,184988
2020-04-23,12.358206333941196,12.895519132959896,12.340295480288985,12.537310600280762,339856
2020-04-24,12.31342945289326,12.855219938883058,12.223876897075813,12.797011375427246,164632
2020-04-27,12.989548094463732,13.03880208299557,12.510443910136862,12.582085609436035,147612
2020-04-28,12.626862896651149,13.414921652080043,12.465668633295175,13.379100799560547,319625
2020-04-29,13.432830725492265,14.59700870513916,13.307457331267909,14.59700870513916,446239
2020-04-30,14.950741868618048,15.026862138790355,13.616414083682907,13.76865291595459,409390
2020-05-04,13.253728431226756,13.271638430722936,12.671638501962109,13.03432559967041,293955
2020-05-05,13.495519635521699,13.665669336255592,12.931340532204372,13.249251365661621,324644
2020-05-06,12.985071693147933,13.33880336645052,12.537310600280762,12.537310600280762,385882
2020-05-07,12.685070839851829,12.805966531441952,12.152234937464446,12.26865291595459,428229
2020-05-08,12.550377725613782,12.55492090838174,12.114158511340381,12.13233470916748,482774
2020-05-11,12.305005376585902,12.736680580746349,11.877874222296386,12.005105018615723,475231
2020-05-12,12.086894492920562,12.132334118587575,11.850609132803113,11.923312187194824,270156
2020-05-13,11.782451085588475,12.486762307278665,11.550709755865478,12.295916557312012,554560
2020-05-14,11.99601647360504,12.268653388918786,11.296249286544917,12.082351684570312,524326
2020-05-15,12.177773455945498,12.891173619416154,12.132334694809156,12.723047256469727,625569
2020-05-18,12.995685332537706,13.472799301147461,12.81392767148108,13.472799301147461,394192
2020-05-19,13.586396961822006,13.659100020969358,12.922981330430193,13.077475547790527,328847
2020-05-20,12.986595224503331,13.413726311949473,12.84573316730414,13.272863388061523,380280
2020-05-21,13.086563082799175,13.40918367357901,13.009315972332638,13.172898292541504,153115
2020-05-22,12.904805573252128,13.122914758146912,12.668520189605013,13.022948265075684,186084
2020-05-25,13.132003010593126,13.341024965237018,12.904805723673904,13.245601654052734,193030
2020-05-26,13.450079651357365,14.11349531770848,13.386463821234512,13.990809440612793,522728
2020-05-27,14.086231322626054,14.36341228083106,13.85903404322886,14.131670951843262,251912
2020-05-28,14.413395577056038,14.445203925258626,13.840858309742508,13.945369720458984,321654
2020-05-29,13.768154586884734,13.895385373526272,13.495518548878167,13.69090747833252,400528
2020-06-01,13.995350829748523,14.313427339524575,13.795417865529805,13.949912071228027,232342
2020-06-02,14.004441634162143,14.813263479080241,13.727260646846743,14.69057846069336,592435
2020-06-03,14.995018132593092,16.171899928092312,14.726925314826786,15.935614585876465,862780
2020-06-04,15.631173746003993,16.22188633445778,15.117707401661207,16.14918327331543,605400
2020-06-05,16.24914792754062,16.880757791838857,16.217340448528617,16.694456100463867,791185
2020-06-08,16.612667069683,17.180660315226863,16.508156520508265,16.96255111694336,524291
2020-06-09,17.130676034110977,17.35332840789803,16.290045020032444,16.512699127197266,339940
2020-06-10,16.285499718419732,16.758070436747527,15.794752803222972,16.0264949798584,524447
2020-06-11,15.676612038380975,15.676612038380975,15.017739591541607,15.022284507751465,500483
2020-06-12,14.731469915915149,15.603908319925342,14.68603115600296,15.185864448547363,443402
2020-06-15,14.813263337739333,15.522119541157231,14.636049720229318,15.104077339172363,451417
2020-06-16,15.740225283494222,16.04921368375124,15.435781798951918,15.553923606872559,477513
2020-06-17,15.758403889291294,15.758403889291294,15.22221815587676,15.322185516357422,246541
2020-06-18,15.299462459929,15.576643390910316,14.976842770882143,15.040457725524902,263957
2020-06-19,15.231308611025462,15.353995372396438,14.940496317425223,15.004111289978027,251111
2020-06-22,14.98593013064731,15.272199145809578,14.704206031094122,14.913227081298828,172497
2020-06-23,15.263112367329036,15.517573928733372,14.876877709286948,15.290376663208008,218268
2020-06-24,15.222218174762935,15.426696079009924,14.48609858616264,14.513362884521484,412991
2020-06-25,14.37704284743866,14.704207468170086,14.222548635801884,14.554256439208984,267170
2020-06-26,14.408849845994549,14.658766485888037,14.14075787593784,14.258899688720703,281507
2020-06-29,14.13166980109337,14.813260717093776,14.013527121424593,14.69511890411377,233364
2020-06-30,14.899597151623718,14.976843390204925,14.195285105529312,14.440658569335938,193638
2020-07-01,14.554256259434284,14.604239935137251,14.09531854624604,14.286164283752441,152138
2020-07-02,14.540625267696738,14.72238377689399,14.336147378194232,14.46792221069336,254456
2020-07-03,14.631504000479747,14.631504000479747,14.20891695503818,14.390674591064453,119420
2020-07-06,14.740558921647718,14.972301118242076,14.567890236654,14.767823219299316,240061
2020-07-07,14.654225579501304,14.895054158375002,14.558803131273365,14.876879692077637,158101
2020-07-08,14.67694358778284,14.82234970481005,14.199829657951208,14.517906188964844,306965
2020-07-09,14.631506094849632,14.63604927804793,14.222550271891166,14.263445854187012,131503
2020-07-10,14.108951358968444,14.454291343688965,13.945369899555793,14.454291343688965,158055
2020-07-13,14.567892174591014,15.503943984573638,14.567892174591014,15.426697731018066,393918
2020-07-14,15.231303544107343,15.313094691145626,14.785997150997478,15.085897445678711,284046
2020-07-15,15.226759976167509,15.722050084456669,15.135882456639466,15.313096046447754,279751
2020-07-16,15.304008768399106,15.304008768399106,15.004108431094632,15.026827812194824,185356
2020-07-17,15.135882722124766,15.231305159329478,14.890509254988991,14.990476608276367,145148
2020-07-20,14.922317925042936,15.08590024952268,14.74510431798246,14.999564170837402,125730
2020-07-21,15.085898740917735,15.576643931904217,14.858701475944207,14.940492630004883,235930
2020-07-22,14.922317254688416,15.226760774499862,14.56789005648938,14.6769437789917,202248
2020-07-23,14.708749219884965,14.995018235174891,14.62695807265927,14.649679183959961,115022
2020-07-24,14.495185966411436,14.513362164415486,14.208917781358217,14.431571006774902,131935
2020-07-27,14.449748147804684,14.481556498295513,13.931738573456228,14.122584342956543,266469
2020-07-28,14.190742399521763,14.218006698095921,13.65910071096991,13.749979972839355,284128
2020-07-29,13.74997884093944,14.177109949862158,13.059298934317344,14.095318794250488,527265
2020-07-30,14.295250743657373,14.295250743657373,13.645467328054643,13.745433807373047,194267
2020-07-31,13.827225819325935,14.349779360505234,13.590940453452042,13.677275657653809,365702
2020-08-03,13.832804490895743,14.047798163570878,13.540047000872386,13.99290657043457,154853
2020-08-04,14.134710575870287,14.363427578303417,13.814507295955577,14.002055168151855,183949
2020-08-05,14.134709954688832,14.454914093017578,13.905992962307181,14.454914093017578,253740
2020-08-06,14.358854097439437,14.711078514227294,14.271942258870627,14.518956184387207,191967
2020-08-07,14.409170884683661,14.65618566150014,14.249068811467732,14.528103828430176,179036
2020-08-10,14.656185067737761,14.743096895331167,14.37257561760339,14.683629989624023,154958
2020-08-11,14.811712382566657,15.314889049722098,14.765967938752093,14.990111351013184,360785
2020-08-12,15.031282585162366,15.406378352165087,14.898626296961503,15.292019844055176,245555
2020-08-13,15.186808869444278,15.378930308321145,15.049579020964773,15.287443161010742,147668
2020-08-14,15.369782628139118,15.369782628139118,14.903201455600172,15.031282424926758,176144
2020-08-17,15.095321877868273,15.433823802917336,14.971814489470868,15.342336654663086,208688
2020-08-18,15.374354941057682,15.571051674068139,15.113617735899076,15.301165580749512,191558
2020-08-19,15.25999901179392,15.415526646613298,15.168511859846236,15.365208625793457,125148
2020-08-20,15.136488624324738,15.259995993277792,15.022130143253978,15.145637512207031,156423
2020-08-21,15.022133484133397,15.191383585166715,14.95809299968686,15.099896430969238,128389
2020-08-24,15.21882946779357,15.845513562429591,15.182233910018386,15.754026412963867,315800
2020-08-25,15.735731413912786,15.904981517323197,15.287444526546262,15.292019844055176,219289
2020-08-26,15.3606354661533,15.63051986694336,15.145640915045469,15.63051986694336,162035
2020-08-27,15.671688999177363,15.927852682519198,15.534459140054796,15.63051986694336,182064
2020-08-28,15.635091916665036,15.868382453918457,15.406374950938481,15.868382453918457,222002
2020-08-31,15.955298490782909,16.257204862539233,15.754026412963867,15.754026412963867,304837
2020-09-01,15.7768971002446,15.9552960547301,15.461266570026897,15.799768447875977,238101
2020-09-02,15.91870461828812,16.069658692633595,15.689987592896127,15.900406837463379,194840
2020-09-03,16.0788058808158,16.184015491961098,15.648816801818567,15.754026412963867,231570
2020-09-04,15.754028057513063,16.3578408640572,15.516162142060459,16.184017181396484,329657
2020-09-07,16.325814391024746,16.449321746826172,16.106246340146125,16.449321746826172,152737
2020-09-08,16.44932558737242,16.499643604629096,15.955297793794124,16.09710121154785,219474
2020-09-09,16.01019103196994,16.161145099286664,15.900406097105744,16.092529296875,88949
2020-09-10,16.083376598712462,16.257201977351084,15.982740577662955,16.147417068481445,87930
2020-09-11,16.019337197418047,16.366986232911223,16.019337197418047,16.270925521850586,96729
2020-09-14,16.444753359475975,16.55911186441674,15.593925803521142,16.170291900634766,207589
2020-09-15,16.170291249194996,16.211460379114015,15.90955400803196,16.051359176635742,136949
2020-09-16,16.046784029130247,16.179438550316007,15.754024831238892,16.138269424438477,175699
2020-09-17,15.83636517617501,16.339543641738512,15.83636517617501,16.275503158569336,117332
2020-09-18,16.284650420735407,16.399008925782628,16.042210948426433,16.060508728027344,119272
2020-09-21,15.941573986407347,16.0284875620141,15.200531405021893,15.369781494140625,323165
2020-09-22,15.378931290638564,15.47499376118511,15.122769355773926,15.122769355773926,144416
2020-09-23,15.360632720054747,15.360632720054747,14.084391593933105,14.084391593933105,415251
2020-09-24,13.873973973533735,13.873973973533735,13.000275053681873,13.114633560180664,560915
2020-09-25,13.228992401790515,13.247289309601006,12.483375304424671,12.684645652770996,361796
2020-09-28,12.89048862364159,13.137502498599813,12.556562055417507,12.863042831420898,481292
2020-09-29,12.931659556456111,13.036869168418608,12.680070329714251,12.739537239074707,284498
2020-09-30,12.808153213048346,13.018572454183621,12.75326074395564,12.917937278747559,240427
2020-10-01,12.991124282877866,13.09176031241761,12.67092103453278,12.73496150970459,253423
2020-10-02,12.606880015668855,12.712090492248535,12.460501284323636,12.712090492248535,188877
2020-10-05,12.748684392991175,13.375368407178463,12.748684392991175,13.311327934265137,310752
2020-10-06,13.443985280398476,13.649830933980112,13.347924557051135,13.407390594482422,195582
2020-10-07,13.384519346011148,13.65440548390213,13.210693932207056,13.558343887329102,145611
2020-10-08,13.66812731767747,14.153007978118657,13.55834326413025,14.011202812194824,305484
2020-10-09,14.139284975380825,14.683630811240118,14.08896695581096,14.381725311279297,254181
2020-10-12,14.491508522746102,14.761394638822056,14.422893600732197,14.53267765045166,190755
2020-10-13,14.454915572359113,14.55555074521123,14.157583626330707,14.29938793182373,207378
2020-10-14,14.258217847321768,14.733948754710772,14.198751811080436,14.665334701538086,191065
2020-10-15,14.409169939343908,14.601292240101268,14.217047638586546,14.500657081604004,224171
2020-10-16,14.560124320995698,15.031281659488188,14.54640098677261,14.843733787536621,227063
2020-10-19,14.935220306047418,15.095321502785056,14.555549260966485,14.930644989013672,97091
2020-10-20,14.967240542102942,15.113619277651495,14.720225771500195,14.985536575317383,162006
2020-10-21,15.04958005802023,15.141065466662628,14.797989949336685,14.921497344970703,126180
2020-10-22,14.802565442112346,14.802565442112346,14.368002766023597,14.610443115234375,278256
2020-10-23,14.637888636305213,15.031282172601484,14.500658779334312,14.797989845275879,234740
2020-10-26,14.45949011476027,14.738525155097715,14.20790087220622,14.45034122467041,243274
2020-10-27,14.390872332927774,14.546399953126695,14.20789891871906,14.39544677734375,187336
2020-10-28,14.253643142415417,14.271940920916338,13.764188909835102,14.011202812194824,215315
2020-10-29,13.951738133149988,14.166731816516617,12.826450820548308,13.608662605285645,436596
2020-10-30,13.535472337899913,14.180454218017292,13.315904223920832,14.13928508758545,301280
2020-11-02,14.180454978915133,14.509807167556204,13.997481540781205,14.29938793182373,220432
2020-11-03,14.514381378105657,14.688206795889553,14.400022872058523,14.44576644897461,174892
2020-11-04,14.267366973711534,14.779693447279856,14.052372431260608,14.724800109863281,168842
2020-11-05,14.656184073366948,15.022130881790112,14.555548046686068,14.88490104675293,197468
2020-11-06,14.884901528457846,15.64424183487418,14.884901528457846,15.488714218139648,446163
2020-11-09,15.735730286014643,17.355045318603516,15.699134728455821,17.355045318603516,787678
2020-11-10,17.2955792456193,17.65695076016434,17.181220751719348,17.34132194519043,289854
2020-11-11,17.38249214383874,17.652378275870916,17.18579538261331,17.40993881225586,260651
2020-11-12,17.268133920286754,17.85364889614641,17.1537754175034,17.7941837310791,314704
2020-11-13,17.725569158955654,18.201300982273256,17.368771163953646,17.460256576538086,331309
2020-11-16,17.748440998347572,18.80053897664398,17.720996071809303,18.608417510986328,501441
2020-11-17,18.626711473053575,18.892022263372027,18.4254394131857,18.663305282592773,210200
2020-11-18,18.52607710382374,19.267119699384462,18.52607710382374,19.257970809936523,376575
2020-11-19,19.212227023113318,19.7611481441967,19.175631467387426,19.376903533935547,427646
2020-11-20,19.52328394202906,20.017311771912116,19.44094567955317,19.916677474975586,264163
2020-11-23,20.264328320421406,20.941330513524385,20.264328320421406,20.6760196685791,425121
2020-11-24,20.996218974045803,21.901937984400636,20.977921197277734,21.85619354248047,671465
2020-11-25,21.965981894239956,22.231292718991153,20.7309096887466,21.197492599487305,580424
2020-11-26,21.362165104545618,21.362165104545618,20.92302894592285,20.92302894592285,244182
2020-11-27,20.87728549191872,21.73726181858484,20.858987714868533,21.371315002441406,224590
2020-11-30,21.23408606428148,21.40791147796441,20.73090934753418,20.73090934753418,207268
2020-12-01,21.316427124124015,21.6091863968999,20.923035286746046,21.096858978271484,258908
2020-12-02,20.941327180594538,21.535992754394055,20.83154400187339,21.47195053100586,215580
2020-12-03,21.581735100077392,21.947681931421748,21.316422556745152,21.8470458984375,157961
2020-12-04,21.77385529005066,22.02087004148137,21.50854450682555,21.746410369873047,148093
2020-12-07,21.600032062417615,21.792153487255657,21.30727460839466,21.56343650817871,194382
2020-12-08,21.481101211605903,21.63662884857549,21.106005453909663,21.142601013183594,235173
2020-12-09,21.21578898478221,22.084912520437122,21.21578898478221,21.938533782958984,359036
2020-12-10,21.911088561992152,22.295333178884206,21.49939727783203,21.49939727783203,250355
2020-12-11,21.49939898349925,21.58173724686363,21.124303225938114,21.197492599487305,178088
2020-12-14,21.325571416648916,21.46280126009491,20.703460931723477,20.8406925201416,210859
2020-12-15,20.66686741480494,21.48109934313073,20.593678047595567,21.389612197875977,182894
2020-12-16,21.636627636303885,21.792155264559465,21.325572379792728,21.398761749267578,161501
2020-12-17,21.435358631793857,21.819603281536892,21.41706085205078,21.41706085205078,166374
2020-12-18,21.49939990264944,21.718968032684067,21.334723368880375,21.64577865600586,172482
2020-12-21,21.11515135865497,21.435355477145,20.456447089596786,21.371315002441406,283299
2020-12-22,21.398762900302543,22.130658379391736,21.316424637092855,21.98427963256836,193386
2020-12-23,21.929386293780365,22.03917122638405,21.682373249123604,21.98427963256836,121556
2020-12-24,22.094062128117365,23.1919044398758,22.075764349094534,22.871700286865234,246386
2020-12-28,22.96318670079399,23.484661171420182,22.72532081604004,22.72532081604004,191437
2020-12-29,22.91744384390555,23.100418151011397,22.121509621431436,22.203847885131836,249280
2020-12-30,22.231294364757943,22.780215579499266,22.0117262278559,22.661283493041992,152060
2020-12-31,22.697874434872098,22.697874434872098,22.32277869705672,22.377670288085938,67292
2021-01-04,22.771062320312364,24.070174856473596,22.642981367935317,23.576147079467773,427925
2021-01-05,23.374876177689693,24.43612289428711,23.365729033470434,24.43612289428711,315632
2021-01-06,24.701435527589364,25.49737144015501,24.46356964274184,25.360139846801758,407031
2021-01-07,25.488222849006785,25.863318586621943,25.103978222062935,25.68949317932129,366482
2021-01-08,26.11033477145917,26.8239307278521,25.50652025801331,25.845022201538086,441102
2021-01-11,25.66204928107325,25.77183421989453,24.774627860076496,25.131425857543945,349525
2021-01-12,25.204614772816647,25.616306104630006,24.893559487662635,25.369291305541992,237738
2021-01-13,25.73523798142484,25.8541718074326,24.975897554890764,25.122276306152344,279649
2021-01-14,25.1588715469042,25.94565863367126,25.14972265694501,25.524818420410156,238756
2021-01-15,25.424183056426198,25.524817351819593,24.59165155471692,24.802072525024414,245995
2021-01-18,24.69228592514524,25.113126092326578,24.582502747600294,25.10397720336914,121919
2021-01-19,25.26865280461275,25.460774230883253,24.77462328853645,24.84781265258789,146810
2021-01-20,24.930152751451267,25.790129151469696,24.930152751451267,25.497371673583984,214820
2021-01-21,25.616301491377794,26.311601312683266,25.4333272113077,26.037139892578125,339026
2021-01-22,25.854172458250503,26.073740590669985,25.55226605805217,26.055442810058594,281347
2021-01-25,26.22926436797782,26.30245373465798,25.012490056312526,25.15886878967285,234555
2021-01-26,24.97589334582889,25.936505702189734,24.97589334582889,25.305246353149414,134399
2021-01-27,25.250357353340902,25.250357353340902,23.393174670121063,24.417827606201172,527126
2021-01-28,23.676782053986276,24.76547541575897,23.24679474066799,24.48186683654785,329498
2021-01-29,24.02443689944926,24.436126504047042,23.759124308621235,23.88720703125,157404
2021-02-01,24.14336719887166,24.408679770054665,23.878056372660968,24.051881790161133,160579
2021-02-02,24.399528271114104,24.50016430390131,23.868904930460687,24.09762191772461,152564
2021-02-03,24.24399914833306,24.436120568148375,23.795714090458638,23.91464614868164,174771
2021-02-04,24.015283740296912,24.179960250854492,23.859756118656104,24.179960250854492,119307
2021-02-05,24.244000728299742,24.417826127774088,23.795715641210855,24.179960250854492,175055
2021-02-08,24.28974296925472,25.378436300182873,24.262298047994786,25.286949157714844,262120
2021-02-09,25.424180146908576,26.22011425425499,24.985042222368,25.954803466796875,327674
2021-02-10,26.165220665936936,27.857726524943338,26.12862511462042,27.363697052001953,624783
2021-02-11,27.62901393812433,27.78454156589749,26.89711850067384,27.153282165527344,292993
2021-02-12,27.12583324487035,28.342607498168945,27.12583324487035,28.342607498168945,340094
2021-02-15,28.772600371031984,29.193438829140028,28.488990024075036,29.129398345947266,331086
2021-02-16,29.275775615985577,29.861290569914182,29.08365417609233,29.73320960998535,282188
2021-02-17,29.70576335944513,30.94083369206598,29.559384627505295,29.82469367980957,507193
2021-02-18,29.98937121983129,31.059768569496747,28.315164633870133,28.507286071777344,584138
2021-02-19,28.388354508607428,29.449599498071727,28.187082432956636,29.193437576293945,381472
2021-02-22,29.10195028398636,29.367261093798163,28.44324595913465,28.97386932373047,205928
2021-02-23,28.873231411240035,29.138543948793412,26.695846503438382,28.269418716430664,439415
2021-02-24,27.473490272075747,28.260275668702658,27.26306927829449,27.427745819091797,264994
2021-02-25,27.720500986639003,30.56574115688469,27.720500986639003,29.56853485107422,880722
2021-02-26,28.51643563369816,28.63536770592664,27.171580301704267,27.67475700378418,645871
2021-03-01,28.07729984026647,28.763450850815694,28.068150950729144,28.2785701751709,352011
2021-03-02,28.278569581436795,29.422154575008232,28.223677990337585,29.193437576293945,351118
2021-03-03,29.52279299970939,30.5108486992669,29.41300980863516,29.87959098815918,465401
2021-03-04,29.522790471545004,29.660018576150176,28.56217803455891,28.918977737426758,339210
2021-03-05,28.607922549844638,29.833845799631373,28.24197570176775,29.05620765686035,363276
2021-03-08,29.742357042416415,29.815548157338732,28.58962490194553,29.38555908203125,346718
2021-03-09,29.431301507483404,29.705764695920035,29.010463070465708,29.62342643737793,243573
2021-03-10,29.632573506866326,30.565739271339265,29.34896666478302,29.541088104248047,293177
2021-03-11,29.614274212312502,30.28212738908091,29.614274212312502,29.952777862548828,261683
2021-03-12,29.806401682381882,30.13575123709598,29.47704863772326,30.016820907592773,166120
2021-03-15,30.099156593211163,30.37361627696001,29.82469341951809,29.952777862548828,195559
2021-03-16,30.181496238718196,30.19064338295568,29.239179844815276,29.37641143798828,255424
2021-03-17,29.275777169737687,29.61427736607829,28.745153778335084,29.156845092773438,180697
2021-03-18,29.45875174238765,30.69382220696689,29.44960110757009,30.62978172302246,382942
2021-03-19,30.09000698387728,30.45595556796409,29.6417236328125,29.6417236328125,279395
2021-03-22,29.467897341346628,29.897886416654114,29.330669235783958,29.38555908203125,188050
2021-03-23,29.220882810651794,29.220882810651794,27.921770251894717,28.08644676208496,360136
2021-03-24,27.729647937316667,28.70855639503047,27.180726801270257,28.562177658081055,257190
2021-03-25,28.470693076543554,28.51643577879366,27.153282661068026,27.894325256347656,281831
2021-03-26,28.35175759297168,29.16598951099582,28.333459815157802,28.983016967773438,281693
2021-03-29,29.010461891694078,29.202585068809924,28.443244739198434,28.928125381469727,174937
2021-03-30,29.257479110922375,30.730417194105325,29.120249255743683,30.53829574584961,480438
2021-03-31,30.538294345113265,31.800809652836872,30.492551643809264,31.334228515625,411289
2021-04-01,31.61783876362435,32.2399492715504,31.233592395813833,31.36167335510254,351834
2021-04-06,31.96548403967663,32.20335165451974,31.617836740973885,31.76421546936035,263333
2021-04-07,31.70932460437041,32.075273198778284,31.27018838504762,31.965486526489258,186051
2021-04-08,32.203362621489404,32.203362621489404,31.58125194149888,31.89230728149414,166974
2021-04-09,30.135752581929932,30.849352040516777,29.641726482840184,30.446807861328125,967711
2021-04-12,30.227239161091767,30.446805523842787,29.49534546868101,29.73320960998535,444711
2021-04-13,29.824696481755637,30.391917175012512,29.78810441279115,29.91618537902832,266323
2021-04-14,29.989369814023256,30.90423774967931,29.714910131315282,30.79445457458496,361024
2021-04-15,30.812755632633092,31.014027716688407,29.824696481755637,29.91618537902832,286399
2021-04-16,30.02597069588344,30.520000306369127,29.93448528206528,30.465106964111328,230636
2021-04-19,30.556593700158754,30.556593700158754,29.86129204066471,29.91618537902832,185090
2021-04-20,29.824695625883006,30.007669925233014,28.69026125181304,28.763450622558594,283116
2021-04-21,29.074502945057617,29.31236881217565,28.452392484129234,29.239177703857422,194294
2021-04-22,29.678314531416547,30.154046276031497,29.34896500663162,29.788101196289062,226531
2021-04-23,29.58683245313538,30.35532174373414,29.55023689407244,30.190645217895508,154690
2021-04-26,30.428507732890377,30.794456323918844,30.06256263180632,30.73956298828125,203582
2021-04-27,30.812757247021484,30.977433780795707,30.227242233577474,30.373620986938477,169122
2021-04-28,29.934487184629763,30.593189883864746,29.897891620798635,30.35532569885254,112964
2021-04-29,30.35532341818464,30.739566339707206,29.58683408519472,29.751510620117188,175930
2021-04-30,29.788101898658084,29.861289520354568,29.202585220336914,29.202585220336914,161377
2021-05-03,29.275775476401773,29.58683073043632,28.92812641040727,29.458749771118164,125584
2021-05-04,29.58683071716664,29.80640056871671,28.470692405819403,28.72685432434082,225469
2021-05-05,29.202582279003934,30.373613772725875,29.09279736757264,30.30042266845703,315364
2021-05-06,30.538294712446582,30.62978011615503,28.14133979287969,29.38555908203125,925325
2021-05-07,29.458747802895264,29.62342430814307,28.32431004340418,28.617069244384766,432424
2021-05-10,28.92912339619015,29.1310392334579,28.2132371085831,28.48857879638672,248482
2021-05-11,27.772694494333773,27.80940567165767,26.689687629463087,27.6809139251709,537759
2021-05-12,27.71762462162673,27.864472820237662,26.249140884948808,26.52448081970215,477880
2021-05-13,26.12065031799055,26.285854997536493,25.239561027837258,25.826953887939453,390772
2021-05-14,26.230787418544676,26.37763563392852,25.478189877060274,26.212430953979492,238636
2021-05-17,26.340921058792922,26.52448042906895,25.77188298462948,26.175716400146484,182380
2021-05-18,26.524483091397677,26.799824800301337,26.102294921875,26.102294921875,188151
2021-05-19,25.69845986408767,26.010512731054227,25.202845869293025,25.478187561035156,246680
2021-05-20,25.75352895684994,25.82695306201467,25.055999082500612,25.331340789794922,228949
2021-05-21,25.845307495327344,26.212427992306985,25.606678734648423,26.120647430419922,449578
2021-05-24,26.06558117188544,26.451058151740572,25.86366532551131,26.377634048461914,147315
2021-05-25,26.524482274788912,26.579549914646773,25.790241241455078,25.790241241455078,211816
2021-05-26,25.82695062065543,26.194072862344665,25.73517181080171,26.175716400146484,203994
2021-05-27,26.249143060418998,27.368861105269225,26.249143060418998,27.277080535888672,400604
2021-05-28,27.51570903247432,28.13981479714755,27.258725541539743,27.313793182373047,325295
2021-05-31,27.387218334081496,27.717627692851078,27.240370119199195,27.405574798583984,122031
2021-06-01,27.534064152545643,28.139813423856157,27.515707689640802,27.84611701965332,217425
2021-06-02,27.772696767583046,28.231597900390625,27.534067968454835,28.231597900390625,191450
2021-06-03,28.158175053031933,28.158175053031933,27.258729212494362,27.51571273803711,198164
2021-06-04,27.71762546384358,27.71762546384358,27.313792030108488,27.423927307128906,113035
2021-06-07,27.423927653477843,27.423927653477843,27.001739501953125,27.001739501953125,131665
2021-06-08,26.983380924774593,27.075161483306292,26.579547517576255,26.81817626953125,114817
2021-06-09,26.781467684960006,26.909959428982326,26.340923062110306,26.561195373535156,200113
2021-06-10,26.524483165530206,26.70804430531234,26.34092377631684,26.48777198791504,133531
2021-06-11,26.5244834447491,27.36886154561178,26.37763523160505,27.24036979675293,168022
2021-06-14,27.35050268602705,27.882827849696508,27.09351921081543,27.09351921081543,181744
2021-06-15,27.313790415906134,27.313790415906134,26.175716034064447,26.414344787597656,321838
2021-06-16,26.487770834054345,26.68968667856382,26.267498526252545,26.5979061126709,143169
2021-06-17,26.43269966095652,26.579547856250944,25.992155075073242,25.992155075073242,152789
2021-06-18,25.955446221137446,26.175718533764528,25.055998756365963,25.166135787963867,567762
2021-06-21,24.835722814941658,25.661744304243733,24.285041238550782,25.55160903930664,348859
2021-06-22,25.698460921672464,25.808597953015585,25.09271162570711,25.569969177246094,183510
2021-06-23,25.569971417056394,26.010516079881086,25.49654730658561,25.91873550415039,196470
2021-06-24,26.06557859910115,26.102291522401114,25.680101657294248,26.047222137451172,124649
2021-06-25,26.15736217279834,26.469415054554414,26.047225140767893,26.340923309326172,207369
2021-06-28,26.285853787577153,26.32256671492802,25.716817418188565,25.753528594970703,169460
2021-06-29,25.790241359425284,26.37763418877922,25.716817255756045,26.359277725219727,154480
2021-06-30,26.39598993528685,26.6529751664325,25.918732399117207,26.432701110839844,173314
2021-07-01,26.671330904280044,26.946672609071793,26.249142741062258,26.340923309326172,146739
2021-07-02,26.50612587691473,27.111876919125233,26.340922956932282,26.763111114501953,206213
2021-07-05,26.854893053552487,27.16694594707662,26.744756017368584,27.020097732543945,153727
2021-07-06,27.056810091731954,27.111879487511697,25.88202432419944,25.91873550415039,184203
2021-07-07,26.065579748775487,26.30420850904482,25.77188335169588,25.937088012695312,175183
2021-07-08,25.826950849977916,26.010511972452406,25.386406256721465,25.9554443359375,229465
2021-07-09,26.1022948849614,26.799824762401297,26.010514315456643,26.689687728881836,199812
2021-07-12,27.075162267551633,27.185299291093553,26.451056552140823,26.946670532226562,159395
2021-07-13,26.854893053552487,27.460642376141966,26.561196624487142,27.020097732543945,204383
2021-07-14,26.94667448872862,27.515710900634136,26.85489391406258,26.92831802368164,164224
2021-07-15,26.983383566577665,27.0017400301949,26.469414839276116,26.744754791259766,195269
2021-07-16,26.79982192391476,26.79982192391476,25.569966974289102,25.588321685791016,183822
2021-07-19,25.239559525366616,25.239559525366616,23.84449981510077,24.211620330810547,325410
2021-07-20,24.34011586430888,24.468607617934698,23.642585950712302,24.009706497192383,266445
2021-07-21,24.046420644025893,24.468608856201172,23.936283599223813,24.468608856201172,131385
2021-07-22,24.707231659800684,25.055995674250227,24.468602912832676,24.688875198364258,239891
2021-07-23,24.85408070865715,26.139003293925704,24.688876051159884,25.588321685791016,261145
2021-07-26,25.551608626701547,26.891598748731777,25.40476044211107,26.799819946289062,283360
2021-07-27,26.76311147254396,26.78146793631049,26.083938068300952,26.340923309326172,158301
2021-07-28,26.377633472226016,26.57954931418917,26.065580602466532,26.432701110839844,127394
2021-07-29,26.54283993622422,26.85489282711718,24.615454948523215,24.890796661376953,762757
2021-07-30,24.780660991966236,24.872441567976182,24.15655517578125,24.15655517578125,372397
2021-08-02,24.54202856648394,25.184490753008564,24.229975704522676,24.523672103881836,302750
2021-08-03,24.41312642681997,24.505251783633206,23.989352245482145,24.39470100402832,179653
2021-08-04,24.542097701169222,25.057998929809543,24.486823197080902,24.597373962402344,197049
2021-08-05,24.505250259796473,24.578950189235087,24.06305068316477,24.22887420654297,189356
2021-08-06,24.265728047343043,24.726353102520935,24.136753594179677,24.560527801513672,171309
2021-08-09,24.505247329903572,25.15012119610292,24.431547409276654,25.021146774291992,192250
2021-08-10,25.094849308066916,25.38964902127233,24.781624173499942,25.371225357055664,197780
2021-08-11,25.463348485526428,26.03452423731141,25.463348485526428,25.758148193359375,240315
2021-08-12,25.850272830795042,26.439873987399388,25.7765729058626,26.237197875976562,198201
2021-08-13,26.255623953533533,26.845223367747582,26.18192402675678,26.43987464904785,208687
2021-08-16,26.12665006143076,26.12665006143076,25.16854923636827,25.371225357055664,210332
2021-08-17,25.26067488654126,25.29752397255786,24.818475311472575,24.910600662231445,158210
2021-08-18,24.965871162230407,25.076420159679458,24.597371575492524,24.836894989013672,171659
2021-08-19,24.357846498476437,24.449971834801264,23.970921491627873,24.081470489501953,210555
2021-08-20,24.044626688268234,24.09990119934082,23.620850750991668,24.09990119934082,208028
2021-08-23,24.449975269795118,26.56884951722506,24.21045006455736,26.421449661254883,610240
2021-08-24,26.69782053295254,27.04789646390916,25.776570672543045,26.40302085876465,399355
2021-08-25,26.43987528624987,27.103174643226215,26.347749936272486,27.084749221801758,269947
2021-08-26,26.84521966995013,26.918919586575083,26.366171090460238,26.80837059020996,241300
2021-08-27,27.121599271708735,27.637498756496104,26.882074071628388,27.34269905090332,320674
2021-08-30,27.49009793815197,27.69277228934217,27.397972594103777,27.526947021484375,150443
2021-08-31,27.619075775146484,27.803326485988883,27.19530160021197,27.619075775146484,315736
2021-09-01,27.80332305362896,27.821748473867554,27.30584725005558,27.526947021484375,145301
2021-09-02,27.453246410787145,28.19024738758795,27.14002130314713,28.005996704101562,263090
2021-09-03,28.005998076180724,28.227097852909736,27.637498448299034,27.729623794555664,148882
2021-09-06,27.729623129819363,27.877022977438557,27.49009793815197,27.526947021484375,99290
2021-09-07,27.54537244172297,27.74804855005796,27.416398014342374,27.526947021484375,150648
2021-09-08,27.36112636072411,27.748051440313066,27.140024809120444,27.269001007080078,123056
2021-09-09,27.047896552957855,27.72962124104794,26.863645877411493,27.600645065307617,129928
2021-09-10,27.692774796017996,27.85860007888585,27.490100426482254,27.508525848388672,141158
2021-09-13,27.545372743677373,29.719521398466092,27.526947323236794,29.166772842407227,708353
2021-09-14,29.203624167517223,29.38787310354363,28.669299265894423,29.295747756958008,250510
2021-09-15,29.479998242007284,29.83007420513222,28.540322876328545,28.706148147583008,397634
2021-09-16,28.816698479923065,29.49842321813985,28.724573135375977,28.724573135375977,225720
2021-09-17,28.92725090212151,28.964101747147993,27.619075775146484,27.619075775146484,791175
2021-09-20,27.084746909708183,27.158446831969705,25.83184823126231,26.052947998046875,541738
2021-09-21,26.25562198248253,26.49514716581167,25.315946668763157,25.537046432495117,373407
2021-09-22,26.14507069249396,26.568846548922142,26.016096272215453,26.38459587097168,252457
2021-09-23,26.697824499823682,26.845224358818896,26.03452513434521,26.77152442932129,260235
2021-09-24,26.73467379288865,26.80837371811264,26.31089790499209,26.531997680664062,142160
2021-09-27,26.808376197465048,26.992625148992737,25.831851658647835,26.36617660522461,229190
2021-09-28,26.25562305404578,26.403022902549544,25.297522281626538,25.573898315429688,257380
2021-09-29,25.537048923649106,25.8871249015667,25.15012386008723,25.518625259399414,226472
2021-09-30,25.79500051058047,25.960825795005967,25.297524657303978,25.776575088500977,204307
2021-10-01,25.15012386008723,25.8871249015667,25.058000267404083,25.518625259399414,170011
2021-10-04,25.352800237300134,25.481774674075602,24.597375523938233,24.910600662231445,204856
2021-10-05,24.910602073634788,25.29752540588379,24.357851694908334,25.29752540588379,248923
2021-10-06,24.910601759819254,24.947450847459464,23.989351725929104,24.044626235961914,284264
2021-10-07,24.560525129158112,25.27910076962186,24.192025476540145,24.96587562561035,244817
2021-10-08,25.057998394029344,25.15012197982519,24.671073359394583,24.76319694519043,156108
2021-10-11,24.836900030561484,25.795000907705866,24.689500165946193,25.610750198364258,185867
2021-10-12,25.242250088949206,25.739725941057774,25.09485022694925,25.55547523498535,130003
2021-10-13,25.408074442633893,25.77657408414066,25.242249164669623,25.371225357055664,113472
2021-10-14,25.610749882657622,26.218774755986754,25.555475373394508,26.071374893188477,210690
2021-10-15,26.329323325584294,26.78994829752044,25.942398278872137,26.531997680664062,231084
2021-10-18,26.531997575706328,26.58727383726427,26.108223446630994,26.237197875976562,204866
2021-10-19,26.51357303898931,26.937347154105762,26.089797166728108,26.2740478515625,191964
2021-10-20,26.108223446630994,26.347748641947632,25.70287298093016,26.237197875976562,164272
2021-10-21,26.052948942217867,26.458297650773886,25.868698251314356,26.237197875976562,121582
2021-10-22,26.384597725841445,26.937348041407162,26.21877245545725,26.237197875976562,191406
2021-10-25,26.439876013239683,26.679399469763947,26.274050730149845,26.60569953918457,140021
2021-10-26,26.587274575584413,26.789948935490624,26.27404944663717,26.660974502563477,149352
2021-10-27,26.43987464904785,26.60569816643691,25.97924966740691,26.43987464904785,234424
2021-10-28,26.03452436244591,26.052949783560248,22.22055004902185,22.53377342224121,2288380
2021-10-29,22.754876413035408,23.52872657775879,22.38637499581857,23.52872657775879,941725
2021-11-01,23.63927459716797,24.15517409944386,23.510300160885222,23.63927459716797,573154
2021-11-02,23.56557641894315,23.74982713344486,22.92070067533219,22.975976943969727,340142
2021-11-03,23.031252243106813,23.16022669338178,22.349527387568266,22.49692726135254,455151
2021-11-04,22.662750351428986,23.27077521085739,22.662750351428986,23.03125,374960
2021-11-05,22.92069892910042,23.528725537775067,22.828575336013113,23.49187469482422,324482
2021-11-08,23.362900368524787,23.934074379786562,23.270775017859847,23.860374450683594,274284
2021-11-09,23.712973073580002,24.19202346063692,23.528724141196818,23.694547653198242,272837
2021-11-10,23.676125417808887,23.80509985396972,23.25234950919558,23.565574645996094,167064
2021-11-11,23.473446566834205,23.768246247870632,23.45502114748325,23.676122665405273,126967
2021-11-12,23.768248668257858,23.970924787468004,23.399749029436975,23.878799438476562,176960
2021-11-15,23.952499029801633,24.19202423095703,23.381323279793396,24.19202423095703,307607
2021-11-16,24.210448346269942,24.892173071034197,24.192022926295152,24.61579704284668,395057
2021-11-17,24.542099645803503,24.80005028056281,24.044625555300833,24.744775772094727,206292
2021-11-18,24.59737208734437,25.150120600381143,24.52367216846316,24.671072006225586,277446
2021-11-19,24.67107480411292,25.20539971588439,24.560524034681464,24.707923889160156,537011
2021-11-22,24.83689908590888,24.94744985873813,24.08147436920127,24.302574157714844,223121
2021-11-23,24.044624738729908,24.320999028829437,23.934073968403165,23.952499389648438,163953
2021-11-24,23.952498549955045,24.376272680870887,23.82352412004932,24.06304931640625,120035
2021-11-25,24.28414744802802,24.8184723092191,24.118322188150668,24.726346969604492,218702
2021-11-26,23.62084866795886,23.768248522583807,22.53377342224121,22.53377342224121,445132
2021-11-29,22.699597475548043,23.34447312266261,22.68117381257074,22.810148239135742,376933
2021-11-30,22.367950526679433,22.994399047712005,21.99944912270802,22.662750244140625,315797
2021-12-01,22.957547368367585,23.565572156236378,22.939121948821327,23.215497970581055,176543
2021-12-02,22.846999667587056,23.17865023525087,22.496925435054663,22.791725158691406,139662
2021-12-03,23.031245123256245,23.031245123256245,21.99944456859076,22.091569900512695,226371
2021-12-06,22.294249013458202,22.441648861717034,21.759924124233738,22.27582359313965,179598
2021-12-07,22.589052351918514,23.326051712036133,22.589052351918514,23.326051712036133,236046
2021-12-08,23.197072551034793,23.362897812661686,22.939121948821327,23.215497970581055,175434
2021-12-09,23.36290140584212,23.36290140584212,22.68117659208472,22.847000122070312,162132
2021-12-10,22.736449679559392,24.192024570760534,22.736449679559392,23.878799438476562,400518
2021-12-13,25.794997843502987,26.34774814872129,24.15517234802246,24.15517234802246,657503
2021-12-14,24.357849529919143,24.689498321961196,24.11832432852247,24.265724182128906,271224
2021-12-15,24.22887093781861,24.413121615130294,23.362897323029856,23.455020904541016,252552
2021-12-16,24.007773462120745,24.302573168134852,23.731399177018734,23.970924377441406,273644
2021-12-17,23.80509738800119,24.92902162547027,23.80509738800119,24.413122177124023,469234
2021-12-20,23.712974614342695,24.136750524934197,23.141800602554255,23.93407440185547,352450
2021-12-21,24.302573339513973,24.634223889691032,23.970924546481776,24.48682403564453,234285
2021-12-22,24.65264854597357,24.836897479243607,24.32099800608477,24.81847381591797,174944
2021-12-23,24.96587190580086,25.223820745627677,24.689495889657533,25.18697166442871,234540
2021-12-24,25.131698026183624,25.297521532984458,25.00272184470109,25.150121688842773,36115
2021-12-27,25.131698743387428,25.61074737194653,25.131698743387428,25.500198364257812,178942
2021-12-28,25.518622244661408,25.61074582646119,25.33437156677246,25.33437156677246,109689
2021-12-29,25.260674005224306,25.48177378504472,25.076423310134864,25.3896484375,135565
2021-12-30,25.42649990957137,25.573899766438284,25.334374559743324,25.518625259399414,120932
2021-12-31,25.463350999830748,26.071375896560063,25.463350999830748,25.960826873779297,143178
2022-01-03,26.16349743706579,26.218771940393058,25.813423239800056,26.034523010253906,204933
2022-01-04,26.237199886287684,26.78995024420549,26.126650868991092,26.60569953918457,299336
2022-01-05,26.716247522471782,27.82174812281128,26.679396682459572,27.76647186279297,472481
2022-01-06,27.176872282245817,27.582222733710353,26.73467274818164,27.250572204589844,262623
2022-01-07,27.45324820879602,27.895449526695707,26.900499636424914,27.78489875793457,287199
2022-01-10,27.913873972300713,28.005999322657612,27.269000034092244,27.453248977661133,259241
2022-01-11,27.729623467742073,28.24552294069619,27.416398348448016,28.042848587036133,307667
2022-01-12,28.19024978203822,29.222048777196633,28.19024978203822,29.037799835205078,396092
2022-01-13,29.387872136560325,30.382821981228403,29.295746793006014,30.235422134399414,513892
2022-01-14,30.161724679472883,30.585498809814453,29.830074137713517,30.585498809814453,337538
2022-01-17,30.76975003652424,31.027698900473283,30.364397805416086,30.861873626708984,266216
2022-01-18,30.751328238884728,32.114777917146775,30.58550294558217,32.05950164794922,539036
2022-01-19,31.69099463768961,31.7094165411803,30.382818089637095,30.990842819213867,541402
2022-01-20,31.064549917933363,31.230375192635407,30.327547135128857,30.935575485229492,245246
2022-01-21,30.12487514176151,30.216998734329703,28.650874817786793,29.185199737548828,637755
2022-01-24,28.835121534269422,28.853546954218753,27.25057231866713,27.545372009277344,604293
2022-01-25,27.969148312963192,28.57717312349328,27.619072357115694,28.282373428344727,293643
2022-01-26,28.577174844508846,29.830075381488957,28.577174844508846,29.037799835205078,354790
2022-01-27,28.48504992050746,29.369449072427603,28.227099289291626,29.01937484741211,291107
2022-01-28,28.945671069913452,29.01937098944212,27.674347018757743,27.89544677734375,259748
2022-01-31,28.521899137120005,28.706149839852326,27.87702519184673,27.96915054321289,201613
2022-02-01,28.374497177525996,28.724573135375977,28.319222673655663,28.724573135375977,143214
2022-02-02,31.322497322621807,31.709420602689324,30.235422134399414,30.235422134399414,694553
2022-02-03,30.67762400525458,30.880300127898938,29.590548734454554,30.069599151611328,389180
2022-02-04,30.30912441896888,30.30912441896888,29.36944730170451,29.461572647094727,187257
2022-02-07,29.682673687806002,29.682673687806002,28.853547350156283,29.332597732543945,196836
2022-02-08,29.590547785417172,30.3828233147552,29.443147932118684,29.811649322509766,269204
2022-02-09,30.124872087739675,30.272271929479444,29.51684730127694,30.198570251464844,267842
2022-02-10,30.40124460134103,31.267218182416922,29.9221942646961,31.175094604492188,356814
2022-02-11,30.456525802612305,31.00927438850197,30.19857341681263,30.456525802612305,194711
2022-02-14,30.19856784537181,31.24879207337647,29.92219360341624,30.9724178314209,362583
2022-02-15,30.990848048132605,31.948948848602434,30.898724457979228,31.69099998474121,342079
2022-02-16,31.9305231722209,33.07287465814663,31.9305231722209,32.66752243041992,473402
2022-02-17,32.70437842654519,32.81492745412661,31.56202676056971,31.94895362854004,230167
2022-02-18,31.912093069352,32.372717977429915,31.617293409325264,31.875242233276367,186042
2022-02-21,32.17004682981984,32.299024775876305,30.180147062143245,30.714473724365234,685017
2022-02-22,29.516853118072195,31.138251696733693,29.019377236305893,30.56707763671875,355299
2022-02-23,30.89872446849876,31.506749300871288,30.567073920970163,30.861873626708984,237407
2022-02-24,28.595599883773183,31.027699239866568,28.190249405375994,30.548648834228516,671228
2022-02-25,31.635723935475454,32.81492276598361,30.548648695742102,32.7964973449707,706268
2022-02-28,31.875246436204478,33.128146913664565,31.580446737306765,32.53854751586914,493519
2022-03-01,32.427997003771225,32.72279668900001,30.640769958496094,30.640769958496094,357306
2022-03-02,30.990849409069334,31.39620165784018,30.474951658691676,30.953998565673828,273902
2022-03-03,31.32249744978063,31.83839867292126,30.161724090576172,30.161724090576172,256381
2022-03-04,29.86692191491292,30.143299713406105,27.19529914855957,27.19529914855957,467058
2022-03-07,25.92397349908715,27.711198926377858,25.352799503768747,26.73467445373535,617348
2022-03-08,26.34774782688715,28.20867307029509,25.942397373725722,27.545372009277344,395226
2022-03-09,28.945670840429244,31.138244746882705,28.927245421406983,31.064546585083008,828018
2022-03-10,31.119823632082362,32.33587334143014,30.769751165108488,31.709423065185547,470424
2022-03-11,32.022648245818004,33.05445076940813,31.985800916917515,32.31745147705078,550275
2022-03-14,32.7780779103132,33.99412767455952,32.48327466616289,32.704376220703125,513725
2022-03-15,32.059497980163194,32.685948235572305,30.843448311260744,32.5016975402832,342673
2022-03-16,33.257123001508795,34.04939854967365,33.12814856609401,33.97570037841797,427967
2022-03-17,34.08624643213458,34.39947153992037,32.88862226034991,33.938846588134766,341982
2022-03-18,34.067820083487476,34.215219923468425,33.49664614284747,33.82829666137695,452685
2022-03-21,34.08624932533413,35.320724441471874,34.04939848263395,35.17332458496094,363930
2022-03-22,35.39441709175261,37.089516934371154,35.39441709175261,36.297245025634766,477035
2022-03-23,36.573628406529515,37.03425344058079,35.7260765164443,36.83157730102539,294863
2022-03-24,36.86842233060387,37.80809767353468,36.702597063363754,37.36589813232422,295400
2022-03-25,37.51330325787322,38.32400077368713,37.476452412348024,37.90022659301758,359131
2022-03-28,38.047618914677095,38.98729420345927,37.107943625894926,37.14479446411133,318870
2022-03-29,37.476453051555204,37.80810363835854,36.40780311312784,36.83157730102539,215228
2022-03-30,36.389370698047955,37.10794448852539,36.33409443943837,37.10794448852539,303976
2022-03-31,37.015828746855185,37.14480319664441,35.83662976102209,36.0577278137207,240221
2022-04-01,36.05772664415545,36.8500022549227,35.85505050718055,36.70260238647461,139009
2022-04-04,37.12637145368929,38.10289764404297,36.88684801832156,38.10289764404297,291531
2022-04-05,37.955504140373996,38.342427488557355,37.236926685577494,37.69755172729492,265052
2022-04-06,37.49487634656452,38.0844757944003,36.610477174810846,37.218502044677734,238582
2022-04-07,37.052677551935496,37.66070243478656,36.77629972985684,36.8868522644043,149026
2022-04-08,37.49487046270251,37.93706997918743,36.92369652652899,37.29219436645508,185121
2022-04-11,36.94211710085168,37.05266961170822,35.965594521643645,36.297245025634766,228298
2022-04-12,36.020867398282626,36.592044830322266,35.30229364645829,36.592044830322266,187141
2022-04-13,36.426221052392,37.03424583184863,36.22354495447666,36.97896957397461,162925
2022-04-14,37.20007873398246,37.31062775815354,36.444653959281574,36.83157730102539,229256
2022-04-19,36.90527258981613,37.1447960196749,36.26039695118014,36.6288948059082,194215
2022-04-20,36.813147399215616,37.77124819690818,36.62889670515325,37.45802307128906,213993
2022-04-21,37.40274035027114,38.43454265313822,37.10794069639171,38.010765075683594,178360
2022-04-22,37.32904787405619,37.32904787405619,34.84167234095833,34.93379592895508,498084
2022-04-25,33.97570188193451,34.067825478653276,32.99917559098186,33.017601013183594,421581
2022-04-26,33.422947651486524,33.55192208447713,32.39114867327192,32.94389724731445,377699
2022-04-27,32.63067264328645,33.865147758516294,32.46485087983717,33.68090057373047,180869
2022-04-28,34.08625187078061,34.215226315572835,32.851776662456416,33.275550842285156,169890
2022-04-29,33.957274710162885,34.712699410063074,33.533500564226635,34.58372497558594,205331
2022-05-02,33.994126145687005,34.307351283862666,33.40452319819354,33.6624755859375,171687
2022-05-03,34.32576824862561,34.32576824862561,33.054445971694925,34.30734634399414,252968
2022-05-04,34.546868520885006,34.63899209789169,33.25711735705629,34.19679260253906,280554
2022-05-05,34.45474941312267,34.45474941312267,29.443147453809033,29.682674407958984,1754513
2022-05-06,29.756372783944954,29.774798204722753,28.46662320096141,29.443147659301758,492507
2022-05-09,29.089758985909125,29.089758985909125,26.9508051019745,27.00660514831543,460513
2022-05-10,26.89500758851591,27.899385391664005,26.578814412173436,27.043804168701172,405146
2022-05-11,27.173999568506478,28.178377328616907,27.173999568506478,28.010982513427734,330376
2022-05-12,27.304199070922955,27.32279731309975,26.28122125180291,27.043804168701172,297108
2022-05-13,27.34139292047303,27.824982614997424,27.062399821060037,27.694786071777344,213047
2022-05-16,27.638986949873104,28.64336462439622,27.52739041592327,28.15977668762207,231435
2022-05-17,29.12695718196696,30.354529818173216,28.86656406143539,30.24293327331543,385175
2022-05-18,30.354524561851846,30.856714248135837,29.88953489994213,29.926734924316406,264319
2022-05-19,29.368748138808296,29.573342959588164,28.64336359892445,29.554744720458984,257138
2022-05-20,30.00113528351357,30.26153194003,29.64774387548703,30.187131881713867,416101
2022-05-23,30.59632454471893,30.856717648857654,29.963938251019197,30.67072105407715,131793
2022-05-24,30.596321172695063,30.596321172695063,29.88953489994213,29.926734924316406,154027
2022-05-25,30.22433138701991,30.521924519946445,29.368750242958622,30.07553482055664,136206
2022-05-26,30.205730010059312,30.614919662475586,29.98253694422855,30.614919662475586,101933
2022-05-27,30.76372325381137,31.78669927449913,30.68932319171542,31.52630615234375,270839
2022-05-30,31.842496465830862,32.158689606205925,31.637899861002907,32.08428955078125,189495
2022-05-31,32.14008826247802,32.25168479340756,31.6192985388239,31.86109161376953,266952
2022-06-01,31.86109299573093,32.30748623399072,31.26590674150442,31.749496459960938,164222
2022-06-02,31.80529504904421,32.58647785893616,31.712294983825082,32.36328125,143695
2022-06-03,32.58647828719897,32.71667483262709,31.954092025756836,31.954092025756836,177196
2022-06-06,32.36328357024089,32.66087670509814,32.121490478515625,32.121490478515625,97331
2022-06-07,31.89829065759473,32.716673470250996,31.879690645080988,32.49347686767578,146013
2022-06-08,32.60507638852141,32.69807290191966,31.451900465399376,31.61929702758789,155146
2022-06-09,31.2845025098859,31.489099087357385,30.726516359168397,30.800912857055664,141499
2022-06-10,30.35452704550447,30.652120169669033,29.312951110928495,29.443147659301758,162191
2022-06-13,28.643364983892624,28.717763265391245,26.74620791878036,26.98800277709961,415992
2022-06-14,27.025200980498155,27.229797584583608,25.035045623779297,25.035045623779297,680313
2022-06-15,25.351239360959305,26.02082390899013,25.072244468933555,25.90922737121582,343953
2022-06-16,25.667433279297157,25.667433279297157,23.956270942424347,24.160865783691406,360346
2022-06-17,24.384057295528706,25.072241784093244,23.863269369495097,24.60725212097168,753214
2022-06-20,24.73745103851038,25.332637254264483,24.36545965366406,25.221040725708008,139344
2022-06-21,25.425636789220746,26.151021355545055,25.425636789220746,25.70462989807129,204606
2022-06-22,25.03504743188555,25.128045733750557,23.7702747836296,24.179466247558594,369729
2022-06-23,23.91906689177381,23.95626691509317,23.08208587883035,23.13788414001465,328683
2022-06-24,23.435483465122097,23.900473202336464,23.082090271513934,23.84467315673828,219896
2022-06-27,24.030666779271506,24.70025127920787,23.993466753488722,24.216663360595703,183108
2022-06-28,24.365458007036533,24.942044171133688,24.049264907836914,24.049264907836914,156260
2022-06-29,23.621475160071387,23.86327000418094,23.26808378716964,23.361082077026367,158991
2022-06-30,23.082087727925337,23.119287754224775,22.28230490043628,22.877492904663086,220641
2022-07-01,22.61709838879032,22.85889324205999,21.891715602776216,22.133508682250977,240111
2022-07-04,22.18930773571432,22.43110257823047,21.87311461656203,22.003311157226562,139967
2022-07-05,22.319507893740216,22.319507893740216,20.496748933839758,20.62694549560547,328246
2022-07-06,20.961735305525945,21.203528374491867,20.217750764617122,20.310749053955078,273280
2022-07-07,20.459549502023624,21.408129041010106,20.422349469689173,21.16633415222168,382558
2022-07-08,21.3523279973009,21.463926315307617,20.645545153840356,21.463926315307617,174344
2022-07-11,20.96173341296865,21.389523021986946,20.533942030155682,20.905933380126953,174672
2022-07-12,20.626943870006276,20.812938690185547,20.19915241338349,20.812938690185547,189488
2022-07-13,20.71994339380862,20.86873996828018,20.03175879342887,20.440948486328125,162528
2022-07-14,20.38514689449348,20.775738282319704,19.957355482210097,20.124752044677734,141394
2022-07-15,20.143353429753066,20.645543151382135,19.901558575686657,20.60834312438965,151790
2022-07-18,20.980334229894297,21.798717074255343,20.980334229894297,21.612720489501953,229590
2022-07-19,21.370924253234303,22.133507008449545,21.054731143931185,22.05910873413086,164230
2022-07-20,22.13350769785372,22.765893936157227,21.96611290576882,22.765893936157227,295616
2022-07-21,22.784495649046587,23.19368708797777,22.245107659735243,22.672897338867188,211264
2022-07-22,22.654299996198695,23.063489677546446,22.33810684092405,22.710098266601562,173146
2022-07-25,22.598499229610827,23.063488940292487,22.412504409615146,22.933292388916016,96643
2022-07-26,23.10068949786286,23.361084380377076,22.52410146293674,22.61709976196289,125857
2022-07-27,22.840296336742647,23.28668785095215,22.50550491832946,23.28668785095215,172769
2022-07-28,23.807470200113716,25.295437420207335,23.37967880395674,25.072240829467773,674809
2022-07-29,25.1838416776069,26.0208227694396,24.737451998468778,25.351238250732422,342411
2022-08-01,25.35123666567881,26.498437731285485,25.276010513305664,25.276010513305664,344357
2022-08-02,25.03152944629563,25.708564887518577,24.956303286159745,25.576919555664062,276509
2022-08-03,25.576919903941075,26.103503032062658,25.276013465767015,25.370046615600586,172636
2022-08-04,25.388852682022208,26.0470829134138,25.31362652359458,25.915435791015625,171802
2022-08-05,26.04708164301331,26.329179274974837,25.257206121281424,25.896629333496094,161295
2022-08-08,26.047082976438706,26.648892245315924,25.93424284175768,26.23514747619629,134237
2022-08-09,26.272761579635112,26.32918075048259,25.821402832255966,26.10350227355957,122486
2022-08-10,26.10350356108197,26.59247451529961,25.576920422288538,26.573667526245117,160254
2022-08-11,26.818153156058386,27.47638163491488,26.818153156058386,27.401155471801758,290838
2022-08-12,27.419962396296338,27.720867048039164,27.02502459250058,27.213090896606445,142647
2022-08-15,27.419958822674577,27.419958822674577,26.366792678833008,26.366792678833008,111368
2022-08-16,26.611279247482948,26.78053855895996,26.235148440608008,26.78053855895996,136532
2022-08-17,26.855762445864936,27.043828730141264,26.04708172795595,26.084693908691406,155858
2022-08-18,26.047083361285654,26.648892639054637,25.87782405352985,26.479633331298828,108530
2022-08-19,26.141115471678965,26.479634096979122,25.746177673339844,25.746177673339844,189615
2022-08-22,25.7649828574196,25.85901600158652,24.561364351388722,24.843461990356445,236256
2022-08-23,24.730621482619128,25.708563297432608,24.56136397793189,25.501691818237305,113912
2022-08-24,25.332433819743127,26.141114584294147,25.10675534171495,25.97185707092285,143985
2022-08-25,26.329182338006568,26.498441654287635,25.93424453119514,26.178730010986328,134240
2022-08-26,26.329181157022894,26.554859637430543,25.576919555664062,25.576919555664062,129142
2022-08-29,25.163173480400225,25.257206624103755,24.580169424264774,24.975107192993164,163576
2022-08-30,25.37004733102899,25.37004733102899,24.279267066679427,24.44852638244629,144026
2022-08-31,24.598976848003794,24.899881478365554,23.997167587280273,23.997167587280273,136671
2022-09-01,23.6774559011422,23.6774559011422,22.680708867547995,22.77474021911621,200462
2022-09-02,23.038032734483316,23.226099025239268,22.530254825562096,23.094451904296875,124982
2022-09-05,22.73712795814665,22.92519245416231,22.379802366710695,22.5866756439209,106376
2022-09-06,23.226099291784664,23.80910157145918,22.492642901658918,22.699514389038086,222328
2022-09-07,22.43622164102398,22.699512274335838,22.229348379384174,22.64309310913086,91425
2022-09-08,22.887580681952304,23.075646974866526,22.15412429182656,22.699514389038086,185797
2022-09-09,23.03803286458452,23.733875274658203,22.98161369445235,23.733875274658203,350225
2022-09-12,24.16642389887218,24.636587773997842,23.696260023746518,24.354488372802734,199272
2022-09-13,24.448525614988945,24.881075591896685,23.903135499934365,23.95955467224121,237684
2022-09-14,23.696262956918513,24.504943702632477,23.564615835985443,23.997167587280273,193168
2022-09-15,23.884327261720763,24.072393550948373,23.527003464427967,23.809101104736328,213936
2022-09-16,23.395360024930646,23.414167015518586,22.925196021432146,23.301328659057617,355049
2022-09-19,23.207291770752636,23.77148884300351,22.793547011964257,23.621036529541016,144913
2022-09-20,23.809100417485244,23.903133559384777,23.000417908095464,23.18848419189453,141524
2022-09-21,22.943998501143053,23.715067028320263,22.718320039057016,23.58342170715332,131407
2022-09-22,23.038033062268546,23.47058302621525,22.737128427604212,23.01922607421875,158020
2022-09-23,22.849968551665057,22.88758253069941,21.10095977783203,21.10095977783203,275820
2022-09-26,20.78124715246035,21.79680122267622,20.724827980096453,21.326637268066406,288719
2022-09-27,21.68395950701359,22.34218971299757,21.62754033875391,22.022478103637695,193549
2022-09-28,21.571121689825173,22.116511778887197,20.969310637612097,22.003671646118164,215643
2022-09-29,22.022480097170426,22.022480097170426,21.232604495901246,21.571123123168945,184563
2022-09-30,21.60873347107537,22.09770438145333,21.23260269137426,21.890832901000977,199225
2022-10-03,21.72157367417342,22.3609968985637,21.401862061978278,22.21054458618164,134045
2022-10-04,22.718319872609353,23.094450639996996,22.530253592149045,23.075645446777344,297571
2022-10-05,23.0380333332567,23.150873469349673,22.266964749476266,22.62428855895996,164754
2022-10-06,23.132065109408096,23.188484277342518,22.19173727401373,22.285770416259766,183393
2022-10-07,22.09770162140305,23.11325549651771,21.984861504820177,22.887577056884766,229703
2022-10-10,22.79354602608688,23.677454674597573,22.379801285193988,23.075645446777344,212502
2022-10-11,23.038033724308438,23.038033724308438,21.872027334710275,22.8687744140625,279339
2022-10-12,22.69951079375757,23.13206248153699,22.39860620758031,22.887577056884766,224954
2022-10-13,22.849964154381304,23.132063562251588,21.30782718140883,22.39860725402832,451973
2022-10-14,22.943999169492663,23.15087244424741,21.966059138632826,22.07889747619629,334090
2022-10-17,22.172932171769368,22.925193786621094,22.041286837553606,22.925193786621094,292297
2022-10-18,23.226099025239268,23.790294310440974,22.925192601323133,23.094451904296875,308927
2022-10-19,23.226098319769104,23.88432673035574,22.69951343906018,23.82790756225586,299049
2022-10-20,23.6962630971564,24.50494384765625,23.132066015122565,24.50494384765625,376552
2022-10-21,24.316877603685537,25.633336171570477,24.034778186153293,25.595722198486328,423271
2022-10-24,26.065889309782616,26.065889309782616,25.087949205130087,25.746177673339844,342080
2022-10-25,26.028274655940407,26.04708164301331,24.95630150224699,25.896629333496094,352786
2022-10-26,26.32918031448535,29.582713878165162,26.253954156756713,29.526294708251953,785457
2022-10-27,29.187777884227454,29.996458631121907,28.285062198291342,29.657941818237305,548424
2022-10-28,29.150164489359796,30.184523729962205,28.623581374967085,29.958847045898438,296670
2022-10-31,30.146911219063306,30.31617051373256,28.34147993827991,29.77077865600586,1068682
2022-11-01,30.090492636788575,31.16246586304357,29.958847305433224,30.97439956665039,415129
2022-11-02,31.48217728065556,31.48217728065556,29.827199981454818,30.2785587310791,329016
2022-11-03,31.01200977332233,33.08073160802763,30.635880813326885,32.91147232055664,1154316
2022-11-04,33.38163979339399,34.961390921286096,33.38163979339399,34.209129333496094,762488
2022-11-07,34.002255533467235,35.14945667927859,33.43806024799032,34.99900436401367,504223
2022-11-08,34.98019686661378,36.01455607060779,34.69809922798506,35.78887939453125,333964
2022-11-09,35.8829074704799,35.8829074704799,34.24673557643997,34.86735534667969,343354
2022-11-10,34.453610968040294,35.90171668086394,34.077481989909025,35.56319808959961,344711
2022-11-11,35.80769026222263,36.108594920975214,34.848555317298825,35.01781463623047,434635
2022-11-14,35.07422809163413,35.16826302888463,34.34077351641064,34.88616180419922,275664
2022-11-15,35.09303421148778,35.20587254633263,33.58851112333655,33.8894157409668,487659
2022-11-16,33.58851349474258,33.87061114530426,32.59176463655399,32.77983093261719,294920
2022-11-17,32.79863861875854,33.061929286609086,31.895921095862082,32.366085052490234,226648
2022-11-18,32.57295658191725,32.666991520403606,31.36933806582099,32.0463752746582,1219058
2022-11-21,31.952339686784935,32.460117583092966,31.40695140291287,32.19682693481445,281142
2022-11-22,32.42249947289956,33.90821899768667,32.23443321080345,33.49447250366211,303580
2022-11-23,33.85180401529372,34.152708652908814,33.494478412975965,33.68254470825195,345796
2022-11-24,33.6261201224482,34.41599560789493,33.38163647586352,34.321964263916016,286406
2022-11-25,34.2279309055465,34.24673430358298,33.7013460838841,34.00225067138672,269359
2022-11-28,33.757774353027344,33.983451049015784,33.30641378691764,33.757774353027344,251186
2022-11-29,33.79538289013858,34.904970081226004,33.5508992183869,34.84855270385742,278044
2022-11-30,34.99900242371036,35.50677671766272,34.510031529440795,35.45035934448242,308166
2022-12-01,35.751269695383606,35.78888367491706,35.07423241204747,35.130653381347656,205503
2022-12-02,35.168263418062125,35.337522719919995,34.679292500146744,35.26229476928711,220454
2022-12-05,35.26229128730595,35.65722722793221,34.75451343187296,34.86735534667969,189805
2022-12-06,34.75451343187296,35.18706334410146,34.64167510413199,34.86735534667969,180105
2022-12-07,34.604069431372366,34.90497410222257,34.246743789587775,34.453617095947266,148193
2022-12-08,34.41599642844858,35.39393821223527,34.20912674934957,34.810935974121094,182547
2022-12-09,34.81093928912908,35.074229953273026,34.30316136222324,34.56645202636719,150740
2022-12-12,34.096284779729665,34.20912669950937,33.757769781588316,33.776573181152344,163233
2022-12-13,34.03986990212825,35.0554221451271,33.94583496208546,34.34077453613281,269673
2022-12-14,34.30316138054621,34.30316138054621,33.682545109685215,33.79538345336914,122623
2022-12-15,33.55089663210562,34.265544191193094,33.40044432561005,33.644927978515625,169583
2022-12-16,33.58851256758454,33.64492994389981,32.81744400336917,33.193572998046875,247605
2022-12-19,33.19357129203608,33.77657353541564,33.19357129203608,33.38163757324219,124817
2022-12-20,32.949087637414316,33.4192515468966,32.4036957806232,33.38163757324219,185910
2022-12-21,33.64492596625395,34.4912223815918,33.306407400118815,34.4912223815918,156675
2022-12-22,34.56644748787214,34.99900099125769,33.92702789991492,33.945831298828125,221198
2022-12-23,33.58851634872275,34.28435704009531,33.43806401650166,33.96464538574219,178473
2022-12-27,34.133902071487185,34.37838933437967,33.720159086601946,33.79538345336914,101455
2022-12-28,33.64492596655395,33.85179922076409,33.21237605962885,33.32521438598633,101560
2022-12-29,33.2876113676129,33.438063698402715,33.04312408816287,33.08073806762695,113266
2022-12-30,33.099540137095744,33.099540137095744,32.3472785949707,32.3472785949707,128074
2023-01-02,32.79863492971081,33.32521620618432,32.68579301012427,33.0055046081543,108079
2023-01-03,33.09954390356233,33.11835089263879,32.47892761230469,32.47892761230469,149358
2023-01-04,32.74221851284842,32.74221851284842,31.0496289419313,31.31291961669922,338941
2023-01-05,31.3129186852741,31.85831059486048,31.01201404104241,31.218887329101562,196131
2023-01-06,31.425755080974497,32.610570182834,31.29410975567146,32.44131088256836,190549
2023-01-09,32.87386095824841,32.91147493335382,32.1592133665761,32.30966567993164,194556
2023-01-10,31.858306655658158,32.51653682867628,31.70785435214537,32.12159729003906,181273
2023-01-11,32.51654548119311,32.98670950316248,32.06518486348373,32.21563720703125,218200
2023-01-12,32.40369965599884,32.85505663263473,32.10279500490825,32.47892761230469,179496
2023-01-13,32.34727749433084,33.268798300461846,32.34727749433084,33.02431106567383,188258
2023-01-16,33.38163886097316,33.532091174328706,32.27205170482623,32.30966567993164,211379
2023-01-17,31.98995197284861,32.19682523532838,31.538595062310257,32.12159729003906,195234
2023-01-18,32.3096664880214,32.93028274451838,32.14040718287984,32.535343170166016,198759
2023-01-19,32.15921404402286,32.215631420803334,31.6138221547038,31.895919799804688,162344
2023-01-20,32.008767093472336,32.798642784409886,31.89592514686213,32.10279846191406,137450
2023-01-23,32.422510990614455,33.09954833984375,32.25325165330713,33.09954833984375,191934
2023-01-24,33.21238011126263,33.23118709912746,32.64818482358239,33.061927795410156,143743
2023-01-25,33.02431106567383,33.15595638268313,32.76102043165521,33.02431106567383,95756
2023-01-26,33.09954403459074,33.193575393278884,32.535345121262644,32.85505676269531,135950
2023-01-27,32.911475731099536,33.60731993915191,32.76102341409716,33.569705963134766,201576
2023-01-30,33.231188591660924,33.231188591660924,31.57621304295274,31.85831069946289,464060
2023-01-31,31.971143214764993,33.62611846169099,31.801883934309807,33.60731506347656,403433
2023-02-01,33.60731735277695,33.98344632280342,32.3848883357597,32.49773025512695,296675
2023-02-02,32.572957121099904,33.30641171810373,32.36608384007167,32.79863739013672,239707
2023-02-03,32.55415089901521,33.41925443243301,32.497733520728275,33.2876091003418,173551
2023-02-06,32.911479904703704,32.96790087588433,32.15921822429523,32.272056579589844,160736
2023-02-07,32.516540596449964,34.86736035314879,32.516540596449964,34.69810104370117,447823
2023-02-08,35.1682644407821,36.52233530795634,35.14945745257696,36.2590446472168,444123
2023-02-09,36.67278592397978,37.34982311966824,36.25904296387353,37.218177795410156,450788
2023-02-10,36.84204882723981,36.898469794755655,35.7136545863878,35.939334869384766,236946
2023-02-13,35.882908396198424,36.08978165828198,35.39393751395193,35.86410140991211,131119
2023-02-14,36.01455016259093,36.127388482118604,35.09302944780631,35.205867767333984,159048
2023-02-15,35.11184764385849,35.6008186340332,34.867363942304465,35.6008186340332,187521
2023-02-16,35.92052603365668,36.33426901297114,35.43155510152165,36.2590446472168,182741
2023-02-17,35.882906178453155,36.33426306023089,35.84529220820527,36.07097244262695,163071
2023-02-20,36.428299256938494,36.973687496300464,36.259039971982695,36.67278289794922,152161
2023-02-21,36.48472054660819,36.87966011628694,35.788879933319464,36.541141510009766,261982
2023-02-22,36.48471814729605,36.48471814729605,35.24348573061658,35.84529495239258,264844
2023-02-23,37.51908045246551,38.77911984115207,35.31871326885065,35.73245620727539,700812
2023-02-24,35.61962102416306,35.845297706133245,34.69810013414139,35.11184310913086,321760
2023-02-27,35.31871086942424,36.44710127702671,35.26228991421787,36.20261764526367,270353
2023-02-28,35.807684505878434,35.845294891876506,35.05541939286255,35.07422637939453,291413
2023-03-01,35.73245961324884,36.61636653339064,35.54439331892377,36.390689849853516,381689
2023-03-02,36.12739692310844,36.616367871394715,35.88291324249847,36.59756088256836,198865
2023-03-03,36.69160014180961,37.76357352151686,36.69160014180961,37.481475830078125,304856
2023-03-06,37.4250468295129,37.55669215147605,36.74801323269298,37.368629455566406,238132
2023-03-07,37.33101855685447,37.33101855685447,36.50352899583338,36.61636734008789,202301
2023-03-08,36.48471901253794,37.255787544607706,36.24023535554318,37.1053352355957,167403
2023-03-09,36.954886629989,36.954886629989,35.939334339151685,36.46591567993164,211548
2023-03-10,35.54439902464239,35.713658357998476,34.99901062932473,35.2999153137207,268895
2023-03-13,35.18707106108425,35.39394436320083,32.949093065919534,33.456871032714844,409969
2023-03-14,33.30641676475997,35.01781706219408,32.77983536899569,34.679298400878906,340601
2023-03-15,34.64167804181228,34.64167804181228,31.80188751220703,31.80188751220703,401524
2023-03-16,32.49773196839259,32.93028192090652,30.993205247771048,32.30966567993164,363978
2023-03-17,32.94908701708596,33.49447527654315,31.181269746336575,31.406949996948242,439087
2023-03-20,30.936787614387907,32.159213098598705,30.278557403792536,31.80188751220703,375862
2023-03-21,32.66699431464574,33.099544307483676,32.234440734741376,32.591766357421875,227938
2023-03-22,32.62937717031531,32.742215508137036,32.23443760734011,32.44131088256836,148556
2023-03-23,32.723412773877214,33.58851637512847,32.15921742437124,33.456871032714844,279829
2023-03-24,33.325219245427604,33.325219245427604,32.00876234711769,32.77983093261719,299303
2023-03-27,33.38163728425846,33.644927923428135,32.27205018052065,32.87385940551758,257983
2023-03-28,34.03987323049135,34.43480925608872,33.13715924021177,33.58851623535156,245053
2023-03-29,33.85180775424687,34.453617095947266,33.51328910277374,34.453617095947266,240301
2023-03-30,35.111842330034726,36.42830276489258,34.904969053597206,36.42830276489258,516410
2023-03-31,36.63517429614667,36.93607893860266,35.958140644153836,36.879661560058594,363046
2023-04-03,36.96428596029163,37.22757658824604,35.9863442177956,36.21202087402344,262588
2023-04-04,36.19321796153527,36.353071962922385,34.41599543776611,34.519432067871094,621227
2023-04-05,34.434803002067994,34.641676265751535,33.372235171667384,33.5979118347168,310819
2023-04-06,33.63553103119587,33.98345136655102,32.92087978406661,33.2311897277832,220654
2023-04-11,33.51328718977575,33.8894198004015,32.96789885014149,33.42865753173828,203088
2023-04-12,33.32521741443656,33.32521741443656,32.16861459973466,32.26264953613281,345171
2023-04-13,32.33787583253139,32.403698498414364,32.0463764799257,32.384891510009766,226970
2023-04-14,32.73281291975826,32.75161990672925,32.05577573706639,32.281455993652344,196868
2023-04-17,32.366085180263724,32.366085180263724,31.3881468727869,31.726665496826172,317662
2023-04-18,31.839503710753373,32.281458977761275,31.67024439943402,31.85831069946289,230912
2023-04-19,32.32847259581703,32.347279583328046,31.604419718440433,31.989953994750977,209496
2023-04-20,31.78308444129767,31.858312400151632,30.748725116521253,31.350534439086914,302135
2023-04-21,31.030818482051654,31.331723101578998,30.607670239883202,30.720508575439453,234841
2023-04-24,30.560654748164403,31.228286652536145,30.297364101272116,31.1718692779541,242115
2023-04-25,30.974398355238797,31.162464644276685,30.720509403097562,31.02141761779785,174338
2023-04-26,31.030818817761528,31.162464141845703,30.363186910154024,31.162464141845703,186086
2023-04-27,31.03081987413573,31.388145471004307,30.83335188128711,31.12485122680664,170730
2023-04-28,31.369336726240196,31.764272689819336,30.795736180699663,31.764272689819336,192225
2023-05-02,32.34727712021108,32.535339806868805,31.632625997474793,32.008758544921875,389173
2023-05-03,31.792485035078613,32.629376224884346,31.59501346577968,32.3472785949707,312452
2023-05-04,34.190320369532756,34.24673774344023,31.924130449555513,33.626121520996094,668912
2023-05-05,33.945834962064275,35.18706747409886,33.945834962064275,35.11184310913086,560414
2023-05-08,35.530067234825296,36.157403732510126,35.22590430418466,35.710662841796875,375268
2023-05-09,35.682151722960946,36.10037488154458,35.59660566485197,36.00532531738281,249296
2023-05-10,35.83423223640668,36.79424586186476,35.06431773415415,35.36848068237305,606804
2023-05-11,35.04530767235688,35.473037958412576,34.047272755499186,34.36094284057617,223923
2023-05-12,34.21836406278068,34.97877142788303,33.895190479373646,34.79817581176758,222003
2023-05-15,35.14986214895304,35.644127823210546,35.073823228402446,35.49204635620117,158175
2023-05-16,35.35897637309287,36.10037308929069,35.18788426536903,35.80571365356445,162889
2023-05-17,35.81522144433109,36.48057925040396,35.81522144433109,36.19542694091797,269819
2023-05-18,36.29047408281463,36.82276101736982,36.233442174356114,36.575626373291016,215431
2023-05-19,36.775232222936054,37.33603329280244,36.6136472562175,36.79424285888672,548930
2023-05-22,36.76573091286977,36.76573091286977,35.50155074098809,35.66313934326172,307490
2023-05-23,35.454030923609736,36.613654566783275,35.311456564374346,36.547119140625,296376
2023-05-24,36.21443364619153,37.38356426924182,35.9197778334413,36.84177017211914,314528
2023-05-25,36.91781385142981,40.78638981740816,36.91781385142981,40.0925178527832,1072456
2023-05-26,40.49172885754266,40.77688478860665,39.617261304944044,40.32063674926758,395717
2023-05-29,40.84341853470839,40.90995394899248,40.06400057374491,40.4442024230957,132080
2023-05-30,40.40617972212479,41.280650833946574,40.063999157576795,40.206573486328125,305949
2023-05-31,39.921422123506396,40.3586558765459,39.10398289987978,40.05449295043945,357155
2023-06-01,40.09251816920681,41.12857437133789,40.09251816920681,41.12857437133789,245077
2023-06-02,41.78442404562849,42.601863329769,41.34719026022117,42.53532791137695,418295
2023-06-05,42.54483210178748,42.82048091150917,42.01254874608592,42.744441986083984,222520
2023-06-06,42.126604258583285,43.10562842963558,42.06006884652583,43.039093017578125,198199
2023-06-07,43.153159000721104,43.571382129802906,42.92503498655309,43.162662506103516,176204
2023-06-08,42.963056003833486,43.932576712929745,42.83948867914945,43.66643142700195,218574
2023-06-09,43.73297136940012,45.139729613186034,43.73297136940012,44.4838752746582,231978
2023-06-12,44.10367055882455,44.24624489979398,43.40979498765504,44.18921661376953,205695
2023-06-13,44.531397861763175,45.70052850515412,44.50288371833211,45.47240447998047,291519
2023-06-14,45.43438386941573,46.82212780062265,45.22527410468175,46.61301803588867,285623
2023-06-15,46.32786320108421,46.87915716565906,46.232810016910456,46.56549072265625,220096
2023-06-16,46.622520443729826,46.622520443729826,45.03517029115702,45.69102096557617,395186
2023-06-19,45.576962990764336,45.78607276077591,45.24428225853614,45.491416931152344,148193
2023-06-20,45.15873421396763,45.17774485148007,43.780497440445046,44.57892608642578,209470
2023-06-21,45.07318893588886,45.60547591769716,44.41733824698004,45.21576690673828,187404
2023-06-22,44.731004354289304,45.472401034589254,44.17970678367071,45.396358489990234,156227
2023-06-23,45.30131069173157,45.30131069173157,44.23674040742272,44.66447067260742,103709
2023-06-26,44.968632882631155,45.01615766112454,44.05614045638055,44.597930908203125,93036
2023-06-27,44.80704522306345,45.11120816288105,43.50484741035009,44.44585037231445,152488
2023-06-28,44.53139297658634,44.66446742511901,44.008613190885924,44.40782928466797,99325
2023-06-29,44.53139746125307,44.97813837583317,44.274762920864866,44.759521484375,139487
2023-06-30,44.81655116324083,45.35834161200891,44.59793065676908,45.13972473144531,144643
2023-07-03,45.624486759151246,46.1187524674844,45.557951339366824,45.966670989990234,156280
2023-07-04,45.85260969617015,46.07122658824143,45.56745375999091,45.976173400878906,73866
2023-07-05,45.99518547507842,46.21380237397853,45.510426895066615,46.07122802734375,108236
2023-07-06,45.624483291988625,46.280333933984025,44.84506532582314,44.95912551879883,160054
2023-07-07,44.559916285843855,45.17774570001473,43.381282119293736,44.89259338378906,278691
2023-07-10,44.83556140174544,45.51042635440316,44.62645163731695,45.21576690673828,108030
2023-07-11,45.83359996291716,46.7841100998443,45.5104263713256,46.00469207763672,251826
2023-07-12,46.40390343473033,47.51600215260781,46.11875112596196,47.26886749267578,289784
2023-07-13,47.20233122488628,47.36391982668735,46.6130159805886,46.9552001953125,150738
2023-07-14,47.00272301445381,47.24985403371977,46.441921936137994,46.65103530883789,181837
2023-07-17,46.384893611102875,46.4799467996321,45.472404756672674,45.9001350402832,179528
2023-07-18,45.81458932506961,46.052216859301396,45.39636254424028,46.00469207763672,104116
2023-07-19,46.451423489475225,47.27836981445502,46.00468624735328,46.1662712097168,215443
2023-07-20,45.86211285781462,46.19478994631627,45.35834365925261,45.87161636352539,116734
2023-07-21,45.66250935082457,46.061721881034906,45.244282556232555,45.738548278808594,132799
2023-07-24,45.43438332719648,45.90013488463937,45.13022037675114,45.7575569152832,128819
2023-07-25,46.05221408404971,46.56549039727673,45.70052636983484,46.28033447265625,147988
2023-07-26,46.2137989273348,46.32786274722586,43.951587554785036,44.740509033203125,461675
2023-07-27,41.157085575512745,41.157085575512745,37.45009845376648,37.678218841552734,1799108
2023-07-28,37.43108732883407,37.830299815206274,36.67068000295262,37.288509368896484,627992
2023-07-31,37.44216104134936,37.44216104134936,35.5407606473693,35.70401382446289,774271
2023-08-01,35.26227263653707,35.6367896394971,34.5804557800293,34.5804557800293,519484
2023-08-02,34.417207177780384,34.417207177780384,33.51452505321192,33.61055374145508,590734
2023-08-03,33.159212679548176,33.94665968907844,32.938343753778454,33.82182312011719,377249
2023-08-04,33.90825263503786,34.282769693021116,33.59135133166121,34.05229568481445,246866
2023-08-07,33.82182428961137,34.23475428001653,33.725791929482284,34.01388168334961,196206
2023-08-08,33.59134393790569,33.96586091345441,32.87111785777068,33.34166717529297,257011
2023-08-09,33.51453145388757,34.08110961455163,33.188028722941155,33.27445602416992,142590
2023-08-10,33.2648493902604,33.43770398458417,32.68866985135462,32.92874526977539,187686
2023-08-11,32.83270998893704,33.21683208960466,32.39097213745117,32.39097213745117,278284
2023-08-14,32.16049734472913,32.39096764253934,31.709154488566742,31.939624786376953,171908
2023-08-15,31.90122029612851,32.09327768535134,31.248214915643217,31.54590606689453,189666
2023-08-16,31.209802685131,31.35384939359713,30.883299987433077,30.99853515625,216486
2023-08-17,30.921712666180827,31.20020101308754,30.403148916063486,30.55679702758789,231470
2023-08-18,30.537589355567302,30.5567958266605,30.00942422191358,30.297513961791992,225076
2023-08-21,30.614412434932078,30.91210540089201,30.422353224996247,30.547191619873047,177295
2023-08-22,30.633621422065282,31.075361121304727,30.518386252962813,30.8544921875,211814
2023-08-23,31.084962182503766,31.113773721906266,30.662430791619784,30.700841903686523,119080
2023-08-24,30.921713263872185,31.036948433927904,30.1534708597707,30.220691680908203,214537
2023-08-25,30.191882561497454,30.77766528703462,30.163072854354343,30.316720962524414,146768
2023-08-28,30.3455298363867,30.64322280883789,30.182278496985102,30.64322280883789,86942
2023-08-29,30.825679271247044,30.87369728088379,30.393544658964927,30.87369728088379,189588
2023-08-30,30.969727148478082,30.99853502474511,30.182280115593077,30.201486587524414,149963
2023-08-31,30.153467303688483,30.46076349643678,29.96140809903569,30.086246490478516,165660
2023-09-01,30.18227767944336,30.52798681978373,30.163071209062267,30.18227767944336,141471
2023-09-04,30.595208546011794,31.123373675818712,30.50878125835177,30.787269592285156,142739
2023-09-05,30.518385380930834,30.69123812964545,30.249500274658203,30.249500274658203,95908
2023-09-06,30.259102832513605,30.259102832513605,29.654111814861405,29.865379333496094,126577
2023-09-07,29.769348038877197,30.086247476993602,29.33721160888672,29.33721160888672,266881
2023-09-08,29.231580104951043,29.231580104951043,28.54016180700792,28.780237197875977,356848
2023-09-11,29.01071069019876,29.548480909298494,29.01071069019876,29.26038932800293,113979
2023-09-12,29.346817478157853,29.4332447719131,28.61698801513022,28.933887481689453,115793
2023-09-13,28.84746256298975,28.895476913033818,28.49215014512151,28.520959854125977,146000
2023-09-14,28.674607500564328,29.346817548274526,28.674607500564328,29.22197914123535,154440
2023-09-15,29.884588318406145,29.89418972312456,29.221979663402646,29.385231018066406,252495
2023-09-18,29.289198493957517,29.404435490670583,28.75143011643304,28.80904769897461,117746
2023-09-19,28.61698842424518,28.809049486809254,28.33850189832031,28.444135665893555,133251
2023-09-20,28.405723475813115,29.22198026596322,28.204061003227253,29.04912567138672,168506
2023-09-21,28.69380932798266,28.74182550415919,27.877554480909865,28.04080581665039,203465
2023-09-22,28.050408378240437,28.25207266324735,27.579860822064198,27.65668487548828,186223
2023-09-25,27.560654221388614,27.570255624707276,26.93645677114824,27.080503463745117,150141
2023-09-26,26.90764998458211,27.195739718150627,26.48511678793574,26.76360511779785,223050
2023-09-27,27.003679465194047,27.310975657587356,26.850029537367604,27.013280868530273,117144
2023-09-28,26.95566460436939,27.186136759899178,26.533131403416505,26.917253494262695,168125
2023-09-29,26.92685915073104,27.839144619441004,26.802018910492492,27.36859703063965,267394
2023-10-02,27.58946579270824,27.714306032141867,26.283456802368164,26.283456802368164,242875
2023-10-03,25.563231254538724,26.014572379932215,25.10228506102209,25.15990447998047,289682
2023-10-04,24.910224124567055,25.486405453384425,24.583721432624877,25.169504165649414,228418
2023-10-05,25.198314137010488,25.27513819288189,24.718163329906712,24.746973037719727,168548
2023-10-06,24.794986454359723,24.929428089176916,24.11317321306692,24.641338348388672,263442
2023-10-09,24.77578104553686,24.996651810016864,24.53570564070945,24.96784210205078,168739
2023-10-10,24.93903329170565,25.716878950116744,24.679753237198664,25.649656295776367,279860
2023-10-11,25.53442061071905,25.563230319144047,24.81419438476412,24.91022491455078,212128
2023-10-12,25.22712371055826,25.31355100190735,24.6317359070012,24.814193725585938,308856
2023-10-13,24.79498587755561,25.313549596867023,24.79498587755561,24.833398818969727,271922
2023-10-16,24.775779833533303,24.862207121573643,23.882700909832945,24.276424407958984,278150
2023-10-17,24.122775398415108,24.574116461101383,23.959524063974573,24.458879470825195,156418
2023-10-18,24.257219640427586,24.372454811487373,23.96912804951808,24.05555534362793,159990
2023-10-19,24.199601731431173,24.35324984521048,23.748258794528205,24.113174438476562,81040
2023-10-20,23.83468647967938,24.266822951563185,23.412153244018555,23.412153244018555,137539
2023-10-23,23.33532767796507,23.450564673564287,22.605500088479676,23.354534149169922,167354
2023-10-24,23.47937417618799,24.343645224961495,23.152871495064456,24.276424407958984,211128
2023-10-25,24.314836829406158,24.343646537516257,23.440962497996395,23.5369930267334,122846
2023-10-26,23.32572649172311,23.930715687283946,23.21048949504823,23.719449996948242,116470
2023-10-27,23.901906164767436,24.103570452598156,23.26810725723649,23.440961837768555,174953
2023-10-30,23.633022486750587,23.633022486750587,23.268106860377983,23.354534149169922,104766
2023-10-31,23.39294990814766,23.853894282783543,23.181682362716952,23.604215621948242,693862
2023-11-01,23.604210696736317,23.7674620243099,23.124059948770462,23.633020401000977,107995
2023-11-02,23.87309811267187,24.53570489097474,23.681037062026732,24.007539749145508,234023
2023-11-03,24.247615549697656,24.94863528243436,23.91150962129665,24.238012313842773,194280
2023-11-06,24.458881432342523,24.545308724073376,23.67143440246582,23.67143440246582,184289
2023-11-07,23.421753866472997,23.57540196563409,22.624703665213655,22.88398551940918,215416
2023-11-08,22.85517608893803,22.922398735805892,22.05812587808895,22.250186920166016,214090
2023-11-09,17.76557983255374,19.782213585277727,15.989021482972374,18.93714714050293,2856890
2023-11-10,18.60584305475057,19.4076939923794,18.188112381603506,19.340473175048828,565886
2023-11-13,19.542136731410885,19.580547840614642,18.889131390278475,19.311664581298828,449820
2023-11-14,19.4269007753549,20.45442318619882,19.340473485505417,20.425615310668945,315367
2023-11-15,20.6176746727675,20.992193541915363,20.47362979923214,20.934574127197266,266465
2023-11-16,20.636881005188823,20.91536934622533,20.416012078481895,20.569660186767578,232577
2023-11-17,20.502439332669944,21.357107162475586,20.502439332669944,21.357107162475586,443004
2023-11-20,21.491546896370902,21.798844916831424,21.19385394239483,21.501150131225586,214492
2023-11-21,21.059414080992582,21.203458952614145,20.473629527217636,20.492835998535156,357167
2023-11-22,20.195143462424898,20.435218864267956,19.91665511710457,20.079906463623047,200934
2023-11-23,20.05109767102391,20.358395737975385,19.849435203455485,20.329586029052734,120584
2023-11-24,20.26236422909764,20.512042866159614,20.051096703782918,20.435218811035156,104295
2023-11-27,20.156728446195846,20.416010293115132,20.108714103416617,20.3583927154541,115070
2023-11-28,20.31998062133789,20.31998062133789,19.868639552893914,20.31998062133789,130979
2023-11-29,20.099111674155665,20.886558649728325,20.099111674155665,20.67529296875,144139
2023-11-30,20.646484901525913,21.136238949218175,20.521646496410625,20.953781127929688,208218
2023-12-01,20.636881405765795,21.395520557828284,20.579263821947748,21.08822250366211,260700
2023-12-04,21.059412847639752,21.213060945921615,20.348789935178672,20.37759780883789,234691
2023-12-05,20.18554022655558,20.32958510133542,19.955068060581837,20.079906463623047,173494
2023-12-06,20.07030251572941,20.339187615641315,19.743799834275627,20.19514274597168,262891
2023-12-07,20.14712749110017,20.694499119893237,19.897448850809827,20.5888671875,259477
2023-12-08,20.588866326578128,21.99090575000929,20.358394167861903,21.702816009521484,460765
2023-12-11,21.47234362664654,21.95249441020032,21.241871470336314,21.337900161743164,268600
2023-12-12,21.289888065947167,21.606787543317285,20.790530758688174,20.848148345947266,294208
2023-12-13,20.761721244976194,21.213062334264613,20.73291153780164,20.857749938964844,158452
2023-12-14,21.41472392356797,22.298201426596496,21.222664711727766,21.827653884887695,723003
2023-12-15,22.01971631877179,22.182967666540733,21.664403915405273,21.664403915405273,321552
2023-12-18,21.49154770259876,21.846860079032012,21.251472317114892,21.67400550842285,194878
2023-12-19,21.577977143342487,21.97170066833496,21.510756321753043,21.97170066833496,195349
2023-12-20,21.962099001130472,22.16376146348698,21.750831471084613,21.818052291870117,159551
2023-12-21,21.30909328895368,22.067730610193202,21.184253053646817,21.87567138671875,232999
2023-12-22,21.57797768196927,21.894877157108496,21.48194898109016,21.558773040771484,175174
2023-12-27,21.81805102415901,22.624704489975425,21.779639913783406,22.557483673095703,315370
2023-12-28,22.65351686092351,22.711134449078678,22.010114659695464,22.154159545898438,201886
2023-12-29,22.10614262048138,22.259790725425464,21.914081573486328,21.914081573486328,134184
2024-01-02,22.327011957046608,23.143268674490425,21.8660676336536,22.288599014282227,303037
2024-01-03,22.086937138069608,22.12535008183994,21.049811467460234,21.232269287109375,368047
2024-01-04,21.088221965425483,21.26107654409781,20.646484114711686,20.780925750732422,215911
2024-01-05,20.39680586933695,20.627278034729294,20.166333703944606,20.57926368713379,231970
2024-01-08,20.531244809520615,20.60806885455454,20.051094070151162,20.550451278686523,196666
2024-01-09,20.588866382249527,20.598469617842408,20.04149477486469,20.2719669342041,170183
2024-01-10,20.14712647147624,20.329584282383266,19.76300621032715,19.76300621032715,267875
2024-01-11,19.99347849152724,20.156729832486,19.551740646362305,19.551740646362305,155026
2024-01-12,19.68618282255239,20.204746566328826,19.68618282255239,20.147127151489258,164491
2024-01-15,20.070302433502984,20.08950890448155,19.916654328934204,20.051095962524414,114706
2024-01-16,19.878243204486818,19.97427189605168,19.60935810586751,19.76300621032715,97345
2024-01-17,19.426900277883508,19.44610674883155,18.994765671331848,19.04758071899414,240777
2024-01-18,19.105200052682687,19.446106668263546,18.951551948994698,19.330869674682617,144915
2024-01-19,19.407696179798645,19.513329951298207,18.701875686645508,18.701875686645508,185536
2024-01-22,18.577031710049415,19.023572050520748,18.3225524006992,18.418582916259766,246128
2024-01-23,18.658662174761172,18.903538300384508,18.413784217507718,18.634654998779297,203361
2024-01-24,19.085996121376144,19.570947669737883,18.898737584566856,19.28285789489746,314299
2024-01-25,19.302062229666728,19.446107101126866,18.937146601562457,19.201231002807617,183539
2024-01-26,19.186824359913967,20.29117076633229,19.11000030985782,20.099111557006836,316301
2024-01-29,20.14712687837491,20.14712687837491,19.580548794875973,19.84943389892578,127639
2024-01-30,19.743802408561088,19.75340564534183,19.033179371457432,19.21563720703125,313534
2024-01-31,19.18682621948795,19.321269693838754,18.951553344726562,18.951553344726562,188699
2024-02-01,18.745089193474865,18.95155420076782,18.236128644766396,18.264938354492188,277465
2024-02-02,18.40898153998331,18.581836119116566,18.0584716796875,18.0584716796875,202179
2024-02-05,17.87601444575694,18.336958784004327,17.621535102446817,17.722366333007812,253292
2024-02-06,17.86160880965624,18.365766746166212,17.698357476425127,18.303346633911133,186886
2024-02-07,18.303348511190094,18.360967927625957,17.525504705605904,17.6551456451416,271462
2024-02-08,17.621535395228815,18.26493756491717,17.57351921442818,18.092082977294922,304346
2024-02-09,18.092082312523285,18.231326484283738,17.852006912231445,17.852006912231445,184560
2024-02-12,17.880816572214176,18.42818819036656,17.85200686486881,18.351364135742188,275901
2024-02-13,18.341762375399902,18.341762375399902,17.453482226244187,17.688756942749023,263302
2024-02-14,17.68875586598155,18.077678680419922,17.496694809847295,18.077678680419922,162337
2024-02-15,18.04886667525884,18.87952724879791,17.919225753613357,18.850717544555664,333255
2024-02-16,19.321267365758224,19.686181137015055,18.994764702809054,19.153213500976562,350039
2024-02-19,19.31166574247883,19.57094578217635,18.71147724308931,18.783498764038086,297016
2024-02-20,18.63945157168275,18.71627561678217,18.336956092765785,18.553024291992188,173506
2024-02-21,18.505011175553694,18.62984957024244,18.245729319319572,18.312950134277344,204343
2024-02-22,16.910912166849556,19.638168922651243,16.57960693467728,19.30206298828125,1143715
2024-02-23,19.36928530020621,19.74380237588462,18.68266944037571,19.143613815307617,332045
2024-02-26,18.980360424129604,19.724595624973375,18.58183621496552,19.638168334960938,293758
2024-02-27,19.87824319446471,20.723307768566652,19.86863995898709,20.69449806213379,407828
2024-02-28,20.492835480749974,20.52164518699833,19.56134362494493,19.686182022094727,266726
2024-02-29,19.714992091226385,20.665690435362663,19.561343985000114,20.2719669342041,239340
2024-03-01,20.43521789592011,20.771321977269725,20.281569792551753,20.617673873901367,272122
2024-03-04,20.646483678377514,21.31869550753478,20.588866097247713,21.0498104095459,347840
2024-03-05,20.646482755185932,21.241870505671194,20.30077362060547,20.30077362060547,317800
2024-03-06,20.339189633836817,21.299491302428695,20.339189633836817,20.848148345947266,266140
2024-03-07,20.742515034924164,21.040208019626363,20.367996163454997,20.723308563232422,191251
2024-03-08,20.76172029641606,20.819337876502804,20.214346874887486,20.464025497436523,159704
2024-03-11,20.243156850894728,20.68489652180116,20.089508747526374,20.617673873901367,141957
2024-03-12,20.80013208146129,20.91536907700721,20.358394233733385,20.560056686401367,144503
2024-03-13,20.56965909720781,21.059413103287742,20.550452626781972,20.886558532714844,166814
2024-03-14,21.06901508247826,21.06901508247826,20.300772795911655,20.483230590820312,142670
2024-03-15,20.684897176587135,20.838545284819265,20.262363963133815,20.281570434570312,196548
2024-03-18,20.358395732750427,20.723309554193463,20.25276196502453,20.473630905151367,123219
2024-03-19,20.358393699815643,20.7041010141271,20.11831831105192,20.396804809570312,100815
2024-03-20,20.358395873270165,20.358395873270165,19.926259394708797,20.262365341186523,83011
2024-03-21,20.838544762668224,20.992192867050395,20.627277245420323,20.69449806213379,238069
2024-03-22,20.53124535683696,21.1554427999607,20.45442130975508,20.713703155517578,154819
2024-03-25,20.636881402793698,20.771323042226438,20.43521894364459,20.512042999267578,101014
2024-03-26,20.40640848693739,20.425614958045685,20.05109609795356,20.127920150756836,142369
2024-03-27,20.012684260510525,20.031890730921244,19.753402404855326,19.955066680908203,159112
2024-03-28,19.974272253889623,20.281570299944008,19.95506761421053,20.20474624633789,91280
2024-04-02,20.204746000392227,20.83854489283515,20.051096063420406,20.627277374267578,187159
2024-04-03,20.62727695677932,21.18425178527832,20.243156701198952,21.18425178527832,291248
2024-04-04,21.66440279585927,23.066444033356664,21.43393064003022,22.624704360961914,597272
2024-04-05,22.375026699997047,22.701529392754942,21.83725831318462,22.086936950683594,244220
2024-04-08,22.086936102829927,22.394232312069388,21.87567041688527,22.125349044799805,126657
2024-04-09,22.182968399212438,22.586295163984666,22.14455545417221,22.33661651611328,153364
2024-04-10,22.643912479200132,23.028032766859972,22.125350548766853,22.471057891845703,297854
2024-04-11,22.759147929915223,23.873097604010376,22.682323877620036,23.200885772705078,456385
2024-04-12,23.54659684990792,23.853893084224822,23.335329315092526,23.488977432250977,237236
2024-04-15,23.585005773545152,23.738653876437574,23.239298457852136,23.3353271484375,218255
2024-04-16,22.95120662035388,23.623418436297698,22.816764989817056,23.181678771972656,271509
2024-04-17,23.220092243686345,23.623418976143547,22.855176621561792,23.200885772705078,140716
2024-04-18,23.277710887108103,23.527389526367188,22.893590608105654,23.527389526367188,211210
2024-04-19,23.20088755820177,23.20088755820177,22.60550156500176,22.835973739624023,191650
2024-04-22,22.951207977934864,23.335328253353822,22.509470119110546,22.586294174194336,146992
2024-04-23,22.58629377063045,22.58629377063045,22.04852356302264,22.35582160949707,117898
2024-04-24,22.586293358658995,22.624704468998985,22.086936102829927,22.125349044799805,200737
2024-04-25,22.298202514648438,22.64391167711165,22.029319238625888,22.298202514648438,108936
2024-04-26,22.45185072320027,22.45185072320027,21.011398315429688,21.011398315429688,313927
2024-04-29,21.126635653895285,21.45313835144043,21.030605125506128,21.45313835144043,164778
2024-04-30,21.357106039265297,21.549167080002306,21.165046830158115,21.241870880126953,101402
2024-05-02,21.318695721789766,22.79755919651664,21.318695721789766,22.490262985229492,239094
2024-05-03,22.52867426032825,22.547880731581415,21.702816144371155,21.779640197753906,168706
2024-05-06,21.856464251136657,22.08693641128491,21.68360967311799,21.779640197753906,100735
2024-05-07,21.990906555638905,22.39423330607551,21.77964086031686,22.163761138916016,207792
2024-05-08,21.414723270717456,23.200884692994467,20.85774845959008,22.375024795532227,476759
2024-05-09,22.35582110993874,22.8743830029937,21.52996117727617,21.837257385253906,293056
2024-05-10,21.992270203620112,23.019221476183827,21.93413952654284,22.147281646728516,321199
2024-05-13,22.63169224738725,22.63169224738725,21.74037555003105,22.22478675842285,222059
2024-05-14,22.224788927639267,22.90296357685072,22.050400579936174,22.670446395874023,371078
2024-05-15,22.670444521189108,23.057973124104397,21.934139251708984,21.934139251708984,300221
2024-05-16,21.89538992288225,21.953518758271574,21.546613214781573,21.6047420501709,140039
2024-05-17,21.68224580187407,22.166657030983593,21.662870757100155,21.85663414001465,332077
2024-05-20,22.069776337607287,22.418551167177906,22.050399444886086,22.08915138244629,135199
2024-05-21,21.953517231930164,21.953517231930164,20.829683303833008,20.829683303833008,462986
2024-05-22,20.73280027917285,20.887811724977784,20.461531172955315,20.63591766357422,159803
2024-05-23,20.539036821643442,20.77155398951068,20.345271591146314,20.403400421142578,156263
2024-05-24,20.28714412477895,20.28714412477895,19.957744319522078,20.229013442993164,204015
2024-05-27,20.40340116703252,20.790929794311523,20.306518548242206,20.790929794311523,104169
2024-05-28,20.790927750294117,21.139704404497085,20.732798923887646,20.810304641723633,84941
2024-05-29,20.694047826781507,20.713422871113416,19.97711944580078,19.97711944580078,172852
2024-05-30,19.473331335528226,20.28714232969708,19.279566109151965,19.97711944580078,137743
2024-05-31,19.97712033516291,20.074001104781928,19.66709558958246,19.86086082458496,163140
2024-06-03,19.860861873512537,20.20963857578437,19.279567985686924,19.366762161254883,290286
2024-06-04,19.279565924181263,19.34738319839766,18.83390849482657,18.90172576904297,266029
2024-06-05,18.901725353781174,19.10517717196063,18.775777406247336,18.833908081054688,177345
2024-06-06,18.795155243330996,18.911414750911984,18.456067014758805,18.591703414916992,177282
2024-06-07,18.591704034023373,18.601392480634598,18.136356282707048,18.38825035095215,263700
2024-06-10,18.388250002952756,18.63045562000287,18.05885021593403,18.194486618041992,249562
2024-06-11,17.92321517826431,17.991032453547948,17.496932786347237,17.642255783081055,421019
2024-06-12,17.64225699848962,18.058850972940103,17.467870499124516,17.971656799316406,229680
2024-06-13,17.681008833143828,17.777891442901858,17.002832412719727,17.002832412719727,321981
2024-06-14,16.983457672355303,17.235351723071528,16.324658131694733,16.47966957092285,303992
2024-06-17,16.46998325683037,16.654060057696125,16.111518102289946,16.20840072631836,245852
2024-06-18,16.237464273928847,16.373098823853912,15.413964832493495,15.704610824584961,488771
2024-06-19,15.80149356743832,15.89837618155703,15.539912911564619,15.568976402282715,269484
2024-06-20,15.685236660379667,16.227776738405908,15.685236660379667,15.95650577545166,270615
2024-06-21,15.908065805371693,15.966194638993112,15.636794835334564,15.665860176086426,279760
2024-06-24,15.559286510613747,16.082451469523082,15.539911467895694,16.004945755004883,183360
2024-06-25,15.888688290091523,15.917753629706567,15.568976945854956,15.743365287780762,173012
2024-06-26,15.801493245075779,15.801493245075779,14.948930323564833,15.365523338317871,353048
2024-06-27,15.336459068911802,15.365523483252195,14.861736297607422,14.861736297607422,132069
2024-06-28,14.910177947965455,15.181447977260458,14.890801055330979,14.939242362976074,153449
2024-07-01,15.152384646823204,15.753054502370132,15.14269619981249,15.404277801513672,211722
2024-07-02,15.210512739406113,15.365524188255222,14.987684012670798,15.016748428344727,125608
2024-07-03,15.355835993940893,15.665858878077644,15.258953380677621,15.588353157043457,395599
2024-07-04,15.733677447255724,15.908065795898438,15.578665992436047,15.908065795898438,161023
2024-07-05,15.927442008407375,16.58624158715127,15.927442008407375,16.237464904785156,296066
2024-07-08,16.082452703798545,16.469981306131086,15.83055865031186,15.966193199157715,180120
2024-07-09,15.966193807747544,16.140582147414953,15.646482467651367,15.646482467651367,151718
2024-07-10,15.675548009894555,15.820871012205316,15.520536561045446,15.743365287780762,108025
2024-07-11,15.762742180857458,16.082453525094024,15.530225007583795,15.985570907592773,128959
2024-07-12,16.00494670490205,16.02432359665212,15.530223944317935,15.878998756408691,240144
2024-07-15,15.656171181289627,15.723988459455104,15.278331004149265,15.617419242858887,293827
2024-07-16,15.481783227792207,15.481783227792207,15.065190177808597,15.200824737548828,150794
2024-07-17,15.094254456599222,15.32677163455319,15.04581314687353,15.22020149230957,156252
2024-07-18,15.210511720467878,15.34614719109531,15.026435868275913,15.268641471862793,93089
2024-07-19,15.084565706230933,15.113631045845977,14.532337188720703,14.532337188720703,186293
2024-07-22,14.62921950366386,15.00705967143388,14.580778195915086,14.813295364379883,101913
2024-07-23,14.755165031520084,14.890800503108114,14.512959426217854,14.764853477478027,130986
2024-07-24,14.706725082422173,15.007059524428596,14.590466499328613,14.590466499328613,116859
2024-07-25,14.357948312240111,14.667972122337078,13.970419704545256,14.600153923034668,246240
2024-07-26,14.590467146101059,14.7939199065188,14.542025836679477,14.629220008850098,89450
2024-07-29,14.745478699425323,14.919866121035621,14.629220110371412,14.735790252685547,133274
2024-07-30,14.677659991692739,14.977995362714841,14.638907130006768,14.919865608215332,107186
2024-07-31,15.016749172192391,15.375213396397593,15.016749172192391,15.16207218170166,142090
2024-08-01,16.00494670490205,16.770315450208813,15.753052655797438,15.878998756408691,577650
2024-08-02,15.646482035132344,15.946816474100556,15.084565093894003,15.094253540039062,287228
2024-08-05,14.71149995518059,14.721314389402957,14.14227587366682,14.564287185668945,275276
2024-08-06,14.996111704287268,15.123696538828822,14.632986068725586,14.632986068725586,138685
2024-08-07,14.839084218760041,15.172767481777898,14.632985787834654,15.074625015258789,177511
2024-08-08,14.888155825238472,14.96666942603958,14.407259786342694,14.947040557861328,198522
2024-08-09,15.172767353614832,15.280723317109215,14.642800097991273,14.868526458740234,209325
2024-08-12,14.750757206110599,15.094254926724691,14.220789909362793,14.220789909362793,311534
2024-08-13,14.230603503426067,14.309117103051253,13.78896427154541,13.78896427154541,314801
2024-08-14,13.985249060733947,14.466145119596414,13.985249060733947,14.063762664794922,281208
2024-08-15,14.348373594989672,15.084439277648926,14.122647234899674,15.084439277648926,373084
2024-08-16,15.084439528507296,15.241466726999729,14.75075626373291,14.75075626373291,128425
2024-08-19,14.799828148378115,15.084440192156311,14.799828148378115,14.927412986755371,127191
2024-08-20,14.99611149536632,15.035368294989427,14.672242664486694,14.75075626373291,168899
2024-08-21,14.878341340839407,15.16295337677002,14.750756505980036,15.16295337677002,150876
2024-08-22,15.14332539030814,15.162953322393683,14.731128520996347,14.74094295501709,147424
2024-08-23,14.819456980457119,15.113882521879258,14.65261534114139,15.035368919372559,225325
2024-08-26,15.015740986723868,15.172768191737267,14.83908491310581,15.035368919372559,96935
2024-08-27,15.104069060809413,15.39849460295819,14.927412986755371,14.927412986755371,157671
2024-08-28,15.00592715044383,15.094255190772945,14.750757464149945,14.790014266967773,138787
2024-08-29,14.760571687505003,14.937227765633912,14.672243648440547,14.907784461975098,167674
2024-08-30,15.005926217782985,15.015740651866448,14.652615014381826,14.68205738067627,147217
2024-09-02,14.623171937544358,14.623171937544358,14.240418361948697,14.456330299377441,143403
2024-09-03,14.426888022134445,14.446516890725727,13.828221569439911,13.867478370666504,311145
2024-09-04,13.592680163454752,13.916548993299857,13.406209663873673,13.847848892211914,172385
2024-09-05,13.730079382076914,14.063762667375272,13.582866608424574,13.798779487609863,115221
2024-09-06,13.769336313520116,13.847849918333374,13.101970672607422,13.101970672607422,228668
2024-09-09,13.258997593839686,13.563237571884589,13.033270282944327,13.435652732849121,167688
2024-09-10,13.308068455939605,13.46509565773968,12.915499515483468,12.925313949584961,165201
2024-09-11,13.28843937466306,13.818406640218521,13.28843937466306,13.416024208068848,196901
2024-09-12,13.690822058737115,14.18153253350157,13.690822058737115,14.093204498291016,254054
2024-09-13,14.191347764869528,14.505402186855862,14.142276527445162,14.368003845214844,147159
2024-09-16,14.318932736024758,15.437752092348743,14.299303866496821,14.996112823486328,303955
2024-09-17,15.064811960256867,16.124746511617815,15.064811960256867,16.006975173950195,397600
2024-09-18,15.987347629936881,16.16400182251899,15.77143383026123,15.77143383026123,224501
2024-09-19,16.478057984013372,16.792112375833188,16.203259455215118,16.311216354370117,348425
2024-09-20,16.252330359772415,16.28177366207358,15.545707951751668,15.584964752197266,289910
2024-09-23,15.584964804441116,15.663478405595503,15.084439895114933,15.369051933288574,224384
2024-09-24,15.918647692467546,15.967719864832844,15.467194938178654,15.604593276977539,162353
2024-09-25,15.496637000580913,15.957905116218502,15.496637000580913,15.516265869140625,88056
2024-09-26,15.741992712041613,16.252330176111304,15.712549410073178,15.967719078063965,243087
2024-09-27,16.21307590080931,16.939327239990234,16.21307590080931,16.939327239990234,375218
2024-09-30,16.939325112418018,17.273008371200405,16.615456287354153,16.792112350463867,261055
2024-10-01,16.80192731552342,17.06690954665591,16.487871042334593,16.654712677001953,146625
2024-10-02,16.674341829801786,16.70378513239125,16.370101857358332,16.586013793945312,105927
2024-10-03,16.389731199638746,16.487871800617395,16.046233480477554,16.39954376220703,146447
2024-10-04,16.291589701063845,16.841184961443016,16.291589701063845,16.821556091308594,161383
2024-10-07,17.05709408119619,17.125795115244117,16.389729454793713,16.497684478759766,160863
2024-10-08,16.03641868881189,16.252330626832585,15.859762615925892,16.15418815612793,151232
2024-10-09,16.075674886740718,16.880441665649414,16.075674886740718,16.880441665649414,255557
2024-10-10,16.978583195613837,17.027655370623446,16.37991763579318,16.458431243896484,190924
2024-10-11,16.38973172742205,16.478059768676758,16.14437647325053,16.478059768676758,108528
2024-10-14,16.38973070236332,16.62527150700716,16.25233049572047,16.321029663085938,144079
2024-10-15,16.291587300322398,16.311216167564293,15.781247983503997,15.840132713317871,318263
2024-10-16,15.653663692316538,16.21307426051074,15.555522160601651,16.075674057006836,150081
2024-10-17,16.164003013338952,16.164003013338952,15.594779850607864,15.918647766113281,147638
2024-10-18,16.095303443575602,16.8215547326833,16.01678984129131,16.419172286987305,316500
2024-10-21,16.586013489940708,16.78229842644893,16.124746322631836,16.124746322631836,120054
2024-10-22,16.22288850722345,16.311216539916515,15.97753327683423,16.193445205688477,78040
2024-10-23,16.15418872397044,16.15418872397044,15.398495042422363,15.486823081970215,386314
2024-10-24,15.427937550414878,16.095303157990028,15.427937550414878,15.584964752197266,212714
2024-10-25,15.545708239295383,16.006975419074063,15.486822569559823,15.781249046325684,126552
2024-10-28,15.849946975708008,15.938275005430494,15.58496382249644,15.849946975708008,74077
2024-10-29,15.830319131391787,15.987348205863535,15.604592761701014,15.63403606414795,99297
2024-10-30,15.57515037030783,15.702735206172697,15.369051933288574,15.369051933288574,117019
2024-10-31,15.261096592335086,15.46719503781707,15.1236973166951,15.28072452545166,116154
2024-11-01,15.212024532962763,15.319980499155779,14.99611166462079,15.113882064819336,85060
2024-11-04,15.202210885076159,15.467195001192394,15.123697280883789,15.123697280883789,78760
2024-11-05,15.192395571094018,15.477008539760446,15.104068473457742,15.172767639160156,89024
2024-11-06,15.261095751136127,15.722363853400196,15.13351091706496,15.22183895111084,156126
2024-11-07,14.927412409123823,15.89901984286774,14.397445143425294,14.799827575683594,531773
2024-11-08,14.848899384054901,15.035368956479523,14.426888067572898,14.927412986755371,268400
2024-11-11,14.97648412683229,15.496636975391585,14.907784022940934,14.986298561096191,231808
2024-11-12,14.799827745244942,14.799827745244942,14.152090072631836,14.152090072631836,434669
2024-11-13,14.21097469329834,14.289489229198562,14.024505127419653,14.21097469329834,186272
2024-11-14,14.279675594838503,14.593730012201805,14.093205082562049,14.485774040222168,170527
2024-11-15,14.48577390453555,15.329795611271562,14.407260300930153,14.917598724365234,542193
2024-11-18,15.084439982567481,15.162953584177055,14.888155978543551,15.045183181762695,176522
2024-11-19,15.143326149909877,15.29053892378157,14.89797090281973,15.123697280883789,161097
2024-11-20,15.29053867152056,15.447565877314684,14.760571383987399,14.819457054138184,111742
2024-11-21,14.721314009016778,14.85871327671174,14.505401141483535,14.691871643066406,146869
2024-11-22,14.770386010853882,14.917598784215635,14.495588397132485,14.701685905456543,167564
2024-11-25,14.770385242904688,14.93722687655002,14.456329907595626,14.691871643066406,215823
2024-11-26,14.466145589272264,14.760572082038129,14.299303941236808,14.515216827392578,190271
2024-11-27,14.37781682727288,14.475959298594896,13.955806446882548,14.024505615234375,298444
2024-11-28,14.132462082406096,14.201162189132235,13.985249306196952,14.103019714355469,180582
2024-11-29,14.112833652232995,14.201161689231613,13.838036042869712,14.024505615234375,196302
2024-12-02,14.034320446749224,14.32874693309199,13.916550039403317,14.161905288696289,184628
2024-12-03,14.32874660594901,14.57410184964022,14.260046501265409,14.338560104370117,194227
2024-12-04,14.260046369897209,14.809642522523088,14.240418437279839,14.505401611328125,293625
2024-12-05,14.50540172493087,14.711500166785191,14.387631320436396,14.446516990661621,158776
2024-12-06,14.475958666371152,14.819456365040297,14.475958666371152,14.75075626373291,194308
2024-12-09,14.917598020301563,15.290538087803595,14.839084420401761,14.956854820251465,270229
2024-12-10,14.839084677782843,14.839084677782843,14.51521583858973,14.62317180633545,184165
2024-12-11,14.515216045614794,14.525030479901464,14.368003275138632,14.505401611328125,155614
2024-12-12,14.544657961039512,14.682057228919977,14.083390795355834,14.21097469329834,309167
2024-12-13,14.08339094039107,14.250232575979844,13.965619603305859,14.044134140014648,202471
2024-12-16,13.838035729339692,14.004877365233385,13.474909155249222,13.563237190246582,409647
2024-12-17,13.474909155249222,13.671194093446001,13.445466788902085,13.563237190246582,109103
2024-12-18,13.631937292997835,13.671194093446001,13.41602442255495,13.563237190246582,140589
2024-12-19,13.22955411738529,13.327696587959396,13.111783714269938,13.1804838180542,240612
2024-12-20,12.974385308398077,13.396395683288574,12.915499639181098,13.396395683288574,416687
2024-12-23,13.396395433822994,13.504352336051102,13.17066906726593,13.357138633728027,152318
2024-12-24,13.523980997405326,13.749708312090743,13.4945386297354,13.582866668701172,93130
2024-12-27,13.65156537993571,13.9459918546112,13.612308579042708,13.66137981414795,352476
2024-12-30,13.651565356635546,13.749707826678524,13.347325384223046,13.396395683288574,196990
2024-12-31,13.465095207552476,13.75952166906184,13.465095207552476,13.64175033569336,115333
2025-01-02,13.739893159052142,14.132461160642682,13.661379558734033,13.995062828063965,250699
2025-01-03,13.975434131524628,14.00487743397223,13.798778996618799,13.985248565673828,130783
2025-01-06,14.152090643653732,14.466145058572833,13.808592925368977,14.279675483703613,471222
2025-01-07,14.368003140278836,14.740943216068086,14.22078943522847,14.407259941101074,249498
2025-01-08,14.407260384528676,14.407260384528676,13.945992258703459,14.063762664794922,229474
2025-01-09,14.063762700838405,14.31893238266853,14.03432033322908,14.220789909362793,186047
2025-01-10,14.23060401600148,14.3581888539769,13.867478370666504,13.867478370666504,172872
2025-01-13,13.877292272280705,14.063761836960374,13.857663404442881,13.896920204162598,98070
2025-01-14,14.044134098915567,14.564286936369937,14.044134098915567,14.525030136108398,307931
2025-01-15,14.574101594437469,15.31016731262207,14.574101594437469,15.31016731262207,427093
2025-01-16,15.545708117811712,15.604592851131141,15.162953607411573,15.31016731262207,198154
2025-01-17,15.526078850008169,15.624221317623881,15.418122884395634,15.437750816345215,196110
2025-01-20,15.388681336207856,15.535894109497992,15.162954023079529,15.33961009979248,162445
2025-01-21,15.280723829244016,15.280723829244016,14.878341391149347,14.947040557861328,134426
2025-01-22,14.740942665052863,14.770385030579998,12.905684721336096,12.944941520690918,1749223
2025-01-23,12.758472270948472,12.915499472222578,12.581816201537128,12.76828670501709,460863
2025-01-24,12.836986331579666,13.38658249168894,12.836986331579666,12.954756736755371,365147
2025-01-27,12.67014443403547,13.465095822840494,12.572002899685048,13.288439750671387,378046
2025-01-28,13.072526899374543,13.681007782803512,13.072526899374543,13.553423881530762,278427
2025-01-29,13.582865930895395,13.906734765540378,13.484723462718636,13.73007869720459,225634
2025-01-30,13.818406306652959,14.191346363923719,13.70063591003418,13.70063591003418,298819
2025-01-31,13.700637014537643,13.798779487609863,13.563237739427734,13.798779487609863,144299
2025-02-03,13.416024892191011,13.818407344859338,13.258997684901516,13.74970817565918,176437
2025-02-04,13.730079154532007,13.8478495586933,13.63193761904225,13.651565551757812,100746
2025-02-05,13.661380082351375,13.769336052937554,13.190297526430992,13.327696800231934,162429
2025-02-06,13.357139294740865,13.877293091685242,13.357139294740865,13.798779487609863,293343
2025-02-07,13.936177169718443,14.888155744194723,13.759522036855547,14.260046005249023,583734
2025-02-10,14.25023305765388,14.858713952033716,13.926363273656309,14.760571479797363,388857
2025-02-11,14.770385690703312,15.25128173828125,14.770385690703312,15.25128173828125,419647
2025-02-12,15.31016678071958,15.849947539870573,15.261095547354238,15.712549209594727,436426
2025-02-13,16.19344568932099,16.19344568932099,15.516265645042731,15.741992950439453,213608
2025-02-14,15.751806065954751,16.124747088654953,15.565336490560638,15.869577407836914,386993
2025-02-17,15.820506764637381,16.06586200565779,15.62422182305628,15.889205932617188,246762
2025-02-18,15.840133478445548,16.409357552573116,15.810692048072402,15.957904815673828,283261
2025-02-19,15.899020875872123,15.957905611466792,15.261096667223232,15.329795837402344,320416
2025-02-20,15.388680946577134,16.576199409217327,15.388680946577134,16.105117797851562,567446
2025-02-21,16.193445618218487,16.389730556294985,15.957904815673828,15.957904815673828,169482
2025-02-24,15.899020195007324,16.02660409531741,15.732178558040648,15.899020195007324,186203
2025-02-25,15.78124824736597,15.96771874545813,15.427937054707659,15.506450653076172,293244
2025-02-26,15.849948425116127,16.291588614114616,15.761620387316428,15.928462028503418,378022
2025-02-27,15.8008778203464,17.371151729731423,15.8008778203464,17.115982055664062,1074957
2025-02-28,16.71359867822831,16.958953904363657,15.977532999822257,16.262144088745117,486461
2025-03-03,16.24251649694133,16.86081276362864,16.065862292656924,16.350473403930664,370735
2025-03-04,16.19344614590342,16.20326058031825,14.721314678094018,14.760571479797363,807690
2025-03-05,15.221839640303136,15.39849478043729,14.711500280912071,14.917598724365234,527035
2025-03-06,15.212024878700898,17.76371974886537,15.182582511971082,17.64594841003418,1526688
2025-03-07,17.488920588279072,17.557619753540006,15.840133134369204,16.242515563964844,672171
2025-03-10,16.360288616025727,16.478059963058627,15.751806754861175,16.095304489135742,325970
2025-03-11,16.07567333081579,16.301401557835362,15.45737899467017,15.849946975708008,318394
2025-03-12,15.977534182716358,16.046233351614497,15.054997940012314,15.398494720458984,552211
2025-03-13,15.408308963974145,15.692921006398194,15.231653826716574,15.516265869140625,191595
2025-03-14,15.526079500958971,16.232703799888732,15.526079500958971,15.987348556518555,207875
2025-03-17,16.291588812188827,17.34170897222826,16.07567499631471,16.97858238220215,647436
2025-03-18,17.273009830512205,18.038517006112468,17.076724883382298,17.5085506439209,464558
2025-03-19,17.47910655963771,17.587063462928857,17.253380190857946,17.498735427856445,187936
2025-03-20,17.449664498131195,17.469291493728193,16.743040243107906,16.841182708740234,212473
2025-03-21,16.792111338430576,16.860810498408007,16.37991450665429,16.63508415222168,966607
2025-03-24,16.958955296109984,17.174867238939775,16.39954376220703,16.39954376220703,166835
2025-03-25,16.350471448323653,16.527127503390982,16.016788204732414,16.085487365722656,244258
2025-03-26,16.213074356869345,16.37010155731117,15.997160552327925,16.124746322631836,109797
2025-03-27,15.997161427956792,16.114932770690494,15.6831070098829,15.81069278717041,152823
2025-03-28,15.506450698288392,15.741992430036623,15.28072340035382,15.29053783416748,226610
2025-03-31,14.966669966905231,15.045183570543664,13.671194570915086,14.014691352844238,697422
